0,-40
1,-61
2,5
3,7
4,-31
5,-88
6,70
7,-74
8,22
9,99
10,121
11,129
12,74
13,-109
14,141
15,99
16,159
17,-106
18,166
19,140
20,112
21,170
22,-141
23,21
24,26
25,-31
26,210
27,68
28,132
29,213
30,159
31,-33
32,23
33,82
34,70
35,115
36,192
37,361
38,122
39,-198
40,150
41,162
42,123
43,244
44,193
45,113
46,211
47,-41
48,3
49,244
50,151
51,127
52,11
53,15
54,-22
55,-114
56,190
57,157
58,205
59,235
60,14
61,-38
62,472
63,43
64,-8
65,144
66,220
67,168
68,53
69,99
70,123
71,113
72,111
73,175
74,-103
75,5
76,291
77,384
78,44
79,292
80,238
81,72
82,298
83,297
84,20
85,241
86,289
87,309
88,310
89,30
90,255
91,238
92,227
93,248
94,115
95,163
96,171
97,229
98,232
99,166
100,188
101,252
102,130
103,243
104,275
105,328
106,146
107,372
108,165
109,203
110,213
111,187
112,288
113,174
114,200
115,76
116,241
117,237
118,309
119,182
120,290
121,262
122,131
123,156
124,245
125,249
126,237
127,264
128,142
129,249
130,129
131,330
132,173
133,91
134,193
135,248
136,314
137,263
138,52
139,335
140,7
141,250
142,161
143,71
144,333
145,174
146,194
147,232
148,166
149,179
150,264
151,255
152,278
153,253
154,176
155,348
156,189
157,255
158,152
159,372
160,145
161,450
162,241
163,251
164,91
165,214
166,251
167,211
168,114
169,285
170,325
171,250
172,235
173,313
174,281
175,213
176,274
177,187
178,190
179,330
180,225
181,269
182,285
183,216
184,117
185,360
186,247
187,384
188,256
189,142
190,302
191,298
192,181
193,254
194,186
195,170
196,222
197,349
198,520
199,287
200,307
201,339
202,295
203,156
204,177
205,303
206,265
207,247
208,210
209,243
210,315
211,406
212,350
213,286
214,58
215,302
216,353
217,256
218,266
219,192
220,199
221,138
222,291
223,185
224,213
225,362
226,101
227,303
228,257
229,348
230,282
231,335
232,111
233,123
234,384
235,284
236,320
237,252
238,241
239,386
240,153
241,307
242,473
243,405
244,374
245,288
246,252
247,393
248,251
249,313
250,199
251,261
252,405
253,263
254,419
255,277
256,321
257,347
258,396
259,414
260,188
261,358
262,400
263,450
264,107
265,276
266,265
267,306
268,453
269,422
270,207
271,445
272,244
273,313
274,268
275,274
276,526
277,302
278,340
279,393
280,433
281,312
282,291
283,447
284,342
285,315
286,341
287,363
288,236
289,441
290,450
291,315
292,339
293,314
294,377
295,259
296,394
297,421
298,315
299,324
300,193
301,222
302,286
303,424
304,275
305,251
306,358
307,358
308,375
309,191
310,453
311,439
312,268
313,472
314,218
315,332
316,343
317,390
318,422
319,200
320,393
321,282
322,447
323,183
324,197
325,212
326,372
327,387
328,383
329,321
330,579
331,504
332,219
333,290
334,264
335,429
336,292
337,469
338,301
339,374
340,306
341,184
342,444
343,201
344,210
345,378
346,545
347,473
348,103
349,527
350,411
351,517
352,223
353,510
354,604
355,304
356,343
357,266
358,325
359,341
360,230
361,145
362,309
363,189
364,509
365,413
366,422
367,219
368,376
369,457
370,248
371,202
372,448
373,338
374,408
375,406
376,212
377,470
378,191
379,290
380,366
381,344
382,288
383,356
384,620
385,264
386,270
387,415
388,377
389,513
390,395
391,470
392,398
393,526
394,493
395,346
396,244
397,337
398,676
399,396
400,292
401,206
402,289
403,393
404,325
405,444
406,495
407,122
408,403
409,538
410,457
411,309
412,295
413,464
414,253
415,466
416,252
417,379
418,334
419,248
420,502
421,507
422,512
423,329
424,398
425,293
426,384
427,213
428,199
429,242
430,305
431,398
432,390
433,197
434,212
435,522
436,446
437,427
438,316
439,264
440,347
441,448
442,321
443,278
444,364
445,442
446,300
447,493
448,354
449,443
450,295
451,297
452,366
453,221
454,420
455,472
456,196
457,517
458,588
459,557
460,412
461,325
462,324
463,421
464,490
465,388
466,559
467,371
468,254
469,461
470,616
471,98
472,502
473,315
474,253
475,192
476,344
477,537
478,434
479,441
480,362
481,744
482,320
483,257
484,440
485,329
486,280
487,288
488,213
489,307
490,394
491,376
492,316
493,387
494,397
495,534
496,474
497,376
498,573
499,246
500,371
501,308
502,531
503,336
504,461
505,439
506,458
507,466
508,515
509,369
510,435
511,370
512,436
513,336
514,423
515,426
516,310
517,437
518,289
519,592
520,414
521,445
522,479
523,418
524,515
525,193
526,286
527,482
528,442
529,380
530,299
531,470
532,249
533,300
534,331
535,592
536,528
537,380
538,686
539,276
540,660
541,284
542,342
543,363
544,225
545,111
546,553
547,370
548,215
549,606
550,299
551,255
552,486
553,452
554,582
555,503
556,448
557,114
558,340
559,470
560,499
561,409
562,459
563,473
564,548
565,338
566,259
567,517
568,421
569,283
570,121
571,564
572,115
573,459
574,216
575,471
576,414
577,359
578,525
579,417
580,208
581,217
582,505
583,299
584,454
585,581
586,469
587,262
588,473
589,486
590,410
591,461
592,524
593,495
594,520
595,243
596,287
597,407
598,233
599,371
600,551
601,383
602,444
603,491
604,474
605,369
606,280
607,632
608,529
609,441
610,399
611,370
612,246
613,333
614,423
615,330
616,201
617,634
618,480
619,200
620,325
621,502
622,538
623,667
624,99
625,321
626,391
627,197
628,392
629,438
630,526
631,484
632,611
633,209
634,427
635,552
636,258
637,335
638,119
639,193
640,205
641,528
642,279
643,242
644,324
645,421
646,338
647,349
648,332
649,284
650,401
651,521
652,316
653,256
654,446
655,500
656,302
657,396
658,424
659,553
660,635
661,418
662,478
663,381
664,380
665,683
666,322
667,327
668,637
669,318
670,398
671,370
672,188
673,522
674,563
675,409
676,302
677,615
678,602
679,422
680,488
681,543
682,464
683,236
684,620
685,553
686,382
687,106
688,448
689,108
690,350
691,497
692,498
693,525
694,601
695,253
696,532
697,435
698,344
699,201
700,618
701,514
702,224
703,683
704,623
705,566
706,475
707,284
708,261
709,649
710,457
711,378
712,573
713,580
714,329
715,531
716,462
717,575
718,525
719,443
720,624
721,284
722,536
723,379
724,358
725,425
726,228
727,550
728,396
729,404
730,515
731,614
732,679
733,498
734,377
735,523
736,111
737,356
738,375
739,210
740,324
741,461
742,320
743,605
744,676
745,504
746,323
747,479
748,316
749,454
750,256
751,491
752,449
753,351
754,463
755,325
756,332
757,356
758,370
759,362
760,620
761,520
762,520
763,555
764,453
765,273
766,255
767,416
768,339
769,662
770,615
771,593
772,518
773,374
774,312
775,512
776,547
777,720
778,303
779,434
780,648
781,457
782,203
783,357
784,114
785,258
786,213
787,501
788,579
789,393
790,471
791,512
792,458
793,432
794,450
795,339
796,420
797,365
798,194
799,319
800,486
801,577
802,213
803,517
804,440
805,472
806,373
807,485
808,321
809,324
810,576
811,389
812,523
813,95
814,677
815,382
816,275
817,308
818,334
819,121
820,591
821,199
822,508
823,313
824,422
825,676
826,408
827,300
828,249
829,603
830,529
831,245
832,123
833,333
834,413
835,571
836,513
837,221
838,119
839,255
840,606
841,568
842,349
843,402
844,351
845,648
846,458
847,434
848,487
849,121
850,-4
851,433
852,105
853,251
854,482
855,523
856,489
857,204
858,328
859,500
860,294
861,452
862,121
863,602
864,473
865,432
866,663
867,509
868,488
869,657
870,522
871,178
872,371
873,420
874,501
875,331
876,368
877,253
878,376
879,623
880,323
881,250
882,316
883,473
884,345
885,595
886,120
887,441
888,247
889,201
890,480
891,403
892,240
893,609
894,693
895,357
896,531
897,530
898,299
899,587
900,408
901,455
902,305
903,455
904,311
905,266
906,227
907,298
908,205
909,304
910,318
911,526
912,414
913,386
914,276
915,390
916,422
917,360
918,198
919,488
920,205
921,382
922,488
923,456
924,430
925,441
926,504
927,499
928,477
929,403
930,500
931,449
932,340
933,432
934,689
935,345
936,423
937,357
938,483
939,376
940,423
941,410
942,422
943,337
944,388
945,415
946,432
947,487
948,636
949,233
950,220
951,517
952,570
953,205
954,373
955,488
956,591
957,514
958,471
959,529
960,292
961,247
962,555
963,312
964,419
965,437
966,492
967,687
968,436
969,650
970,305
971,391
972,324
973,342
974,389
975,489
976,530
977,465
978,398
979,229
980,289
981,530
982,474
983,523
984,293
985,521
986,400
987,507
988,333
989,394
990,390
991,427
992,606
993,628
994,637
995,239
996,519
997,273
998,541
999,303
1000,426
1001,451
1002,284
1003,322
1004,262
1005,431
1006,450
1007,305
1008,354
1009,443
1010,376
1011,258
1012,336
1013,518
1014,617
1015,495
1016,357
1017,128
1018,375
1019,511
1020,120
1021,590
1022,396
1023,451
1024,471
1025,476
1026,450
1027,304
1028,348
1029,282
1030,566
1031,362
1032,337
1033,305
1034,312
1035,431
1036,424
1037,409
1038,117
1039,110
1040,410
1041,340
1042,249
1043,359
1044,445
1045,371
1046,471
1047,316
1048,649
1049,267
1050,359
1051,765
1052,430
1053,521
1054,351
1055,435
1056,135
1057,294
1058,308
1059,525
1060,513
1061,687
1062,439
1063,404
1064,352
1065,296
1066,489
1067,645
1068,398
1069,458
1070,310
1071,744
1072,330
1073,297
1074,458
1075,301
1076,471
1077,215
1078,314
1079,352
1080,236
1081,644
1082,496
1083,538
1084,464
1085,650
1086,616
1087,454
1088,219
1089,269
1090,306
1091,496
1092,591
1093,108
1094,301
1095,268
1096,248
1097,301
1098,544
1099,210
1100,325
1101,332
1102,311
1103,389
1104,238
1105,278
1106,338
1107,226
1108,127
1109,504
1110,386
1111,316
1112,408
1113,112
1114,658
1115,272
1116,431
1117,300
1118,463
1119,342
1120,777
1121,483
1122,597
1123,370
1124,399
1125,338
1126,425
1127,260
1128,408
1129,282
1130,504
1131,460
1132,380
1133,377
1134,235
1135,122
1136,485
1137,519
1138,296
1139,495
1140,289
1141,486
1142,376
1143,286
1144,511
1145,420
1146,346
1147,128
1148,510
1149,520
1150,386
1151,421
1152,528
1153,427
1154,342
1155,492
1156,359
1157,310
1158,340
1159,455
1160,436
1161,112
1162,452
1163,375
1164,492
1165,293
1166,420
1167,203
1168,205
1169,486
1170,587
1171,333
1172,650
1173,389
1174,387
1175,203
1176,452
1177,451
1178,211
1179,362
1180,499
1181,418
1182,321
1183,273
1184,555
1185,468
1186,322
1187,370
1188,237
1189,298
1190,428
1191,345
1192,325
1193,448
1194,484
1195,281
1196,393
1197,281
1198,309
1199,126
1200,534
1201,457
1202,297
1203,414
1204,244
1205,359
1206,410
1207,194
1208,209
1209,269
1210,193
1211,459
1212,294
1213,458
1214,438
1215,255
1216,330
1217,348
1218,231
1219,292
1220,579
1221,237
1222,369
1223,273
1224,412
1225,417
1226,403
1227,408
1228,479
1229,237
1230,420
1231,443
1232,529
1233,490
1234,512
1235,369
1236,130
1237,411
1238,229
1239,593
1240,285
1241,438
1242,326
1243,286
1244,409
1245,408
1246,507
1247,437
1248,647
1249,369
1250,400
1251,565
1252,162
1253,199
1254,389
1255,369
1256,389
1257,456
1258,264
1259,212
1260,468
1261,424
1262,199
1263,696
1264,500
1265,467
1266,520
1267,309
1268,460
1269,438
1270,343
1271,245
1272,123
1273,297
1274,491
1275,219
1276,489
1277,221
1278,320
1279,312
1280,398
1281,437
1282,415
1283,581
1284,374
1285,277
1286,425
1287,380
1288,426
1289,318
1290,131
1291,310
1292,663
1293,274
1294,384
1295,235
1296,290
1297,325
1298,342
1299,476
1300,530
1301,318
1302,485
1303,294
1304,569
1305,565
1306,287
1307,534
1308,486
1309,413
1310,324
1311,523
1312,415
1313,679
1314,656
1315,484
1316,304
1317,476
1318,508
1319,478
1320,518
1321,365
1322,309
1323,273
1324,407
1325,256
1326,473
1327,460
1328,311
1329,438
1330,456
1331,510
1332,616
1333,550
1334,587
1335,548
1336,380
1337,502
1338,369
1339,424
1340,473
1341,505
1342,592
1343,274
1344,301
1345,515
1346,393
1347,468
1348,377
1349,445
1350,442
1351,377
1352,617
1353,373
1354,350
1355,601
1356,644
1357,428
1358,418
1359,664
1360,559
1361,371
1362,503
1363,380
1364,206
1365,508
1366,209
1367,299
1368,551
1369,541
1370,468
1371,561
1372,354
1373,280
1374,612
1375,140
1376,403
1377,124
1378,331
1379,375
1380,490
1381,218
1382,315
1383,540
1384,413
1385,332
1386,628
1387,253
1388,126
1389,393
1390,393
1391,454
1392,390
1393,291
1394,386
1395,590
1396,449
1397,385
1398,501
1399,506
1400,339
1401,467
1402,304
1403,427
1404,272
1405,566
1406,521
1407,387
1408,502
1409,487
1410,603
1411,315
1412,247
1413,415
1414,449
1415,350
1416,310
1417,288
1418,482
1419,417
1420,463
1421,440
1422,352
1423,544
1424,436
1425,351
1426,413
1427,408
1428,280
1429,442
1430,511
1431,422
1432,345
1433,396
1434,538
1435,548
1436,543
1437,371
1438,407
1439,292
1440,331
1441,284
1442,346
1443,455
1444,431
1445,380
1446,344
1447,445
1448,508
1449,463
1450,622
1451,337
1452,378
1453,267
1454,388
1455,421
1456,447
1457,398
1458,364
1459,432
1460,265
1461,352
1462,619
1463,731
1464,295
1465,401
1466,305
1467,315
1468,573
1469,305
1470,316
1471,384
1472,546
1473,367
1474,615
1475,479
1476,469
1477,452
1478,537
1479,238
1480,131
1481,600
1482,483
1483,463
1484,350
1485,517
1486,271
1487,285
1488,475
1489,449
1490,524
1491,528
1492,342
1493,507
1494,391
1495,538
1496,342
1497,546
1498,444
1499,524
1500,562
1501,460
1502,275
1503,258
1504,387
1505,576
1506,557
1507,383
1508,273
1509,500
1510,451
1511,437
1512,501
1513,405
1514,482
1515,521
1516,603
1517,288
1518,473
1519,457
1520,461
1521,608
1522,387
1523,427
1524,525
1525,386
1526,477
1527,438
1528,510
1529,333
1530,642
1531,604
1532,164
1533,439
1534,402
1535,121
1536,682
1537,271
1538,262
1539,146
1540,359
1541,328
1542,281
1543,305
1544,527
1545,535
1546,541
1547,468
1548,298
1549,283
1550,490
1551,405
1552,488
1553,536
1554,459
1555,451
1556,224
1557,306
1558,466
1559,489
1560,344
1561,443
1562,578
1563,275
1564,309
1565,418
1566,361
1567,216
1568,221
1569,239
1570,655
1571,341
1572,209
1573,299
1574,249
1575,295
1576,298
1577,552
1578,485
1579,525
1580,231
1581,308
1582,425
1583,302
1584,546
1585,499
1586,390
1587,467
1588,538
1589,410
1590,334
1591,352
1592,135
1593,392
1594,548
1595,126
1596,320
1597,656
1598,321
1599,440
1600,195
1601,367
1602,456
1603,299
1604,238
1605,353
1606,619
1607,528
1608,296
1609,564
1610,550
1611,400
1612,240
1613,581
1614,359
1615,599
1616,409
1617,326
1618,525
1619,213
1620,471
1621,498
1622,407
1623,444
1624,143
1625,431
1626,400
1627,401
1628,311
1629,623
1630,469
1631,494
1632,339
1633,582
1634,302
1635,253
1636,327
1637,295
1638,458
1639,297
1640,439
1641,594
1642,330
1643,411
1644,332
1645,522
1646,403
1647,237
1648,519
1649,436
1650,135
1651,286
1652,437
1653,417
1654,409
1655,301
1656,271
1657,431
1658,271
1659,317
1660,240
1661,393
1662,308
1663,322
1664,410
1665,132
1666,386
1667,393
1668,500
1669,381
1670,319
1671,315
1672,555
1673,300
1674,548
1675,311
1676,387
1677,449
1678,453
1679,561
1680,528
1681,389
1682,368
1683,311
1684,451
1685,346
1686,314
1687,411
1688,355
1689,393
1690,605
1691,357
1692,434
1693,525
1694,461
1695,622
1696,233
1697,362
1698,459
1699,423
1700,350
1701,128
1702,244
1703,421
1704,564
1705,178
1706,131
1707,140
1708,502
1709,653
1710,134
1711,541
1712,309
1713,510
1714,336
1715,125
1716,395
1717,518
1718,302
1719,546
1720,625
1721,357
1722,412
1723,385
1724,420
1725,390
1726,545
1727,336
1728,449
1729,315
1730,532
1731,437
1732,277
1733,463
1734,389
1735,460
1736,380
1737,286
1738,430
1739,354
1740,386
1741,471
1742,513
1743,298
1744,423
1745,469
1746,669
1747,309
1748,209
1749,645
1750,261
1751,330
1752,517
1753,127
1754,401
1755,253
1756,478
1757,316
1758,277
1759,714
1760,393
1761,586
1762,292
1763,226
1764,294
1765,470
1766,220
1767,639
1768,431
1769,294
1770,273
1771,517
1772,461
1773,428
1774,635
1775,432
1776,344
1777,279
1778,431
1779,420
1780,332
1781,465
1782,321
1783,293
1784,414
1785,496
1786,516
1787,286
1788,133
1789,374
1790,398
1791,285
1792,592
1793,316
1794,293
1795,408
1796,312
1797,125
1798,261
1799,137
1800,343
1801,133
1802,340
1803,371
1804,311
1805,478
1806,316
1807,649
1808,402
1809,319
1810,633
1811,557
1812,452
1813,230
1814,565
1815,285
1816,578
1817,495
1818,282
1819,339
1820,505
1821,506
1822,259
1823,558
1824,484
1825,673
1826,350
1827,556
1828,409
1829,298
1830,340
1831,150
1832,250
1833,609
1834,501
1835,499
1836,414
1837,305
1838,350
1839,313
1840,291
1841,79
1842,309
1843,305
1844,142
1845,428
1846,438
1847,377
1848,436
1849,494
1850,338
1851,600
1852,267
1853,130
1854,468
1855,225
1856,783
1857,465
1858,535
1859,265
1860,352
1861,419
1862,619
1863,508
1864,624
1865,557
1866,310
1867,293
1868,345
1869,603
1870,566
1871,292
1872,414
1873,424
1874,421
1875,306
1876,496
1877,379
1878,445
1879,558
1880,321
1881,424
1882,298
1883,405
1884,118
1885,217
1886,332
1887,153
1888,436
1889,243
1890,287
1891,542
1892,308
1893,469
1894,330
1895,284
1896,508
1897,421
1898,496
1899,414
1900,391
1901,333
1902,333
1903,273
1904,385
1905,362
1906,470
1907,647
1908,422
1909,535
1910,411
1911,454
1912,216
1913,530
1914,337
1915,220
1916,567
1917,298
1918,488
1919,519
1920,460
1921,579
1922,362
1923,210
1924,289
1925,285
1926,496
1927,327
1928,553
1929,418
1930,272
1931,327
1932,396
1933,319
1934,364
1935,401
1936,317
1937,304
1938,282
1939,230
1940,589
1941,658
1942,373
1943,358
1944,291
1945,369
1946,311
1947,638
1948,274
1949,370
1950,369
1951,243
1952,132
1953,125
1954,464
1955,359
1956,349
1957,437
1958,140
1959,555
1960,148
1961,470
1962,287
1963,356
1964,520
1965,468
1966,530
1967,507
1968,279
1969,223
1970,295
1971,404
1972,141
1973,254
1974,632
1975,231
1976,361
1977,587
1978,287
1979,575
1980,335
1981,473
1982,544
1983,310
1984,161
1985,381
1986,333
1987,283
1988,278
1989,290
1990,147
1991,558
1992,497
1993,518
1994,385
1995,488
1996,560
1997,413
1998,250
1999,257
2000,450
2001,347
2002,371
2003,451
2004,413
2005,252
2006,268
2007,377
2008,257
2009,300
2010,628
2011,577
2012,247
2013,298
2014,352
2015,541
2016,337
2017,340
2018,352
2019,520
2020,411
2021,474
2022,127
2023,448
2024,467
2025,444
2026,266
2027,307
2028,341
2029,462
2030,342
2031,328
2032,313
2033,302
2034,235
2035,302
2036,305
2037,95
2038,135
2039,516
2040,275
2041,532
2042,132
2043,231
2044,138
2045,335
2046,233
2047,143
2048,136
2049,317
2050,368
2051,296
2052,386
2053,455
2054,456
2055,345
2056,404
2057,326
2058,227
2059,357
2060,320
2061,341
2062,437
2063,144
2064,400
2065,745
2066,570
2067,424
2068,324
2069,552
2070,319
2071,359
2072,541
2073,511
2074,237
2075,321
2076,558
2077,709
2078,303
2079,479
2080,492
2081,128
2082,343
2083,137
2084,342
2085,530
2086,281
2087,474
2088,544
2089,236
2090,305
2091,215
2092,308
2093,338
2094,306
2095,574
2096,349
2097,551
2098,209
2099,515
2100,371
2101,336
2102,272
2103,398
2104,218
2105,351
2106,139
2107,344
2108,216
2109,493
2110,412
2111,483
2112,351
2113,384
2114,535
2115,361
2116,330
2117,526
2118,299
2119,509
2120,448
2121,510
2122,288
2123,223
2124,249
2125,389
2126,331
2127,235
2128,513
2129,137
2130,128
2131,291
2132,595
2133,508
2134,430
2135,472
2136,121
2137,249
2138,325
2139,546
2140,592
2141,313
2142,514
2143,312
2144,416
2145,472
2146,312
2147,358
2148,323
2149,396
2150,132
2151,297
2152,351
2153,128
2154,544
2155,274
2156,320
2157,328
2158,334
2159,583
2160,145
2161,548
2162,679
2163,144
2164,492
2165,649
2166,223
2167,407
2168,243
2169,288
2170,148
2171,356
2172,536
2173,351
2174,149
2175,149
2176,451
2177,262
2178,400
2179,460
2180,454
2181,483
2182,353
2183,247
2184,569
2185,383
2186,292
2187,326
2188,708
2189,728
2190,144
2191,456
2192,388
2193,478
2194,128
2195,481
2196,339
2197,492
2198,282
2199,406
2200,465
2201,586
2202,706
2203,495
2204,501
2205,239
2206,340
2207,325
2208,291
2209,321
2210,357
2211,546
2212,519
2213,634
2214,538
2215,568
2216,352
2217,434
2218,159
2219,295
2220,313
2221,283
2222,423
2223,415
2224,479
2225,120
2226,337
2227,515
2228,404
2229,298
2230,559
2231,490
2232,643
2233,134
2234,554
2235,422
2236,279
2237,342
2238,476
2239,572
2240,555
2241,419
2242,145
2243,482
2244,346
2245,129
2246,517
2247,444
2248,686
2249,317
2250,486
2251,381
2252,644
2253,423
2254,232
2255,647
2256,736
2257,361
2258,504
2259,435
2260,133
2261,254
2262,360
2263,429
2264,115
2265,306
2266,334
2267,300
2268,290
2269,365
2270,375
2271,117
2272,434
2273,222
2274,219
2275,647
2276,131
2277,239
2278,494
2279,437
2280,315
2281,350
2282,400
2283,291
2284,301
2285,273
2286,526
2287,135
2288,376
2289,517
2290,228
2291,357
2292,288
2293,519
2294,308
2295,314
2296,329
2297,340
2298,142
2299,396
2300,140
2301,436
2302,488
2303,269
2304,541
2305,127
2306,121
2307,314
2308,326
2309,254
2310,363
2311,259
2312,421
2313,129
2314,445
2315,335
2316,316
2317,252
2318,268
2319,256
2320,469
2321,253
2322,279
2323,232
2324,509
2325,311
2326,134
2327,250
2328,521
2329,523
2330,333
2331,409
2332,240
2333,382
2334,316
2335,233
2336,139
2337,140
2338,439
2339,129
2340,289
2341,321
2342,137
2343,248
2344,220
2345,411
2346,112
2347,138
2348,135
2349,273
2350,324
2351,213
2352,128
2353,436
2354,392
2355,407
2356,427
2357,378
2358,478
2359,128
2360,215
2361,223
2362,398
2363,224
2364,378
2365,209
2366,120
2367,311
2368,358
2369,546
2370,280
2371,310
2372,527
2373,602
2374,649
2375,492
2376,135
2377,400
2378,334
2379,221
2380,344
2381,381
2382,221
2383,388
2384,318
2385,242
2386,405
2387,527
2388,363
2389,294
2390,316
2391,313
2392,307
2393,132
2394,386
2395,487
2396,485
2397,210
2398,391
2399,211
2400,336
2401,478
2402,134
2403,225
2404,236
2405,411
2406,321
2407,327
2408,390
2409,375
2410,437
2411,275
2412,510
2413,481
2414,419
2415,375
2416,337
2417,335
2418,331
2419,297
2420,580
2421,464
2422,303
2423,323
2424,219
2425,137
2426,269
2427,328
2428,265
2429,585
2430,141
2431,289
2432,294
2433,306
2434,382
2435,139
2436,528
2437,272
2438,448
2439,234
2440,300
2441,357
2442,305
2443,260
2444,530
2445,137
2446,133
2447,452
2448,479
2449,308
2450,267
2451,425
2452,320
2453,300
2454,504
2455,240
2456,141
2457,134
2458,456
2459,385
2460,216
2461,305
2462,120
2463,-58
2464,126
2465,221
2466,129
2467,340
2468,533
2469,136
2470,440
2471,203
2472,444
2473,411
2474,396
2475,519
2476,229
2477,338
2478,369
2479,289
2480,239
2481,541
2482,387
2483,210
2484,281
2485,219
2486,339
2487,513
2488,270
2489,346
2490,414
2491,589
2492,423
2493,261
2494,344
2495,569
2496,541
2497,547
2498,464
2499,458
2500,264
2501,422
2502,399
2503,463
2504,391
2505,553
2506,145
2507,485
2508,471
2509,134
2510,287
2511,245
2512,222
2513,240
2514,280
2515,207
2516,238
2517,398
2518,323
2519,633
2520,338
2521,235
2522,145
2523,314
2524,331
2525,667
2526,536
2527,299
2528,410
2529,669
2530,336
2531,427
2532,608
2533,524
2534,449
2535,393
2536,488
2537,360
2538,252
2539,298
2540,409
2541,318
2542,304
2543,492
2544,263
2545,525
2546,530
2547,505
2548,333
2549,230
2550,387
2551,501
2552,473
2553,149
2554,325
2555,628
2556,598
2557,322
2558,357
2559,419
2560,140
2561,524
2562,235
2563,409
2564,325
2565,473
2566,322
2567,147
2568,333
2569,567
2570,240
2571,441
2572,279
2573,270
2574,505
2575,345
2576,446
2577,225
2578,619
2579,406
2580,474
2581,298
2582,231
2583,243
2584,276
2585,594
2586,556
2587,423
2588,136
2589,479
2590,226
2591,343
2592,442
2593,260
2594,143
2595,355
2596,484
2597,317
2598,332
2599,673
2600,382
2601,245
2602,246
2603,137
2604,328
2605,345
2606,365
2607,515
2608,325
2609,423
2610,410
2611,438
2612,439
2613,555
2614,516
2615,438
2616,408
2617,320
2618,489
2619,445
2620,590
2621,257
2622,338
2623,325
2624,292
2625,288
2626,579
2627,466
2628,363
2629,407
2630,245
2631,360
2632,266
2633,299
2634,135
2635,676
2636,131
2637,230
2638,468
2639,311
2640,318
2641,534
2642,569
2643,587
2644,369
2645,217
2646,502
2647,602
2648,133
2649,356
2650,317
2651,218
2652,238
2653,132
2654,441
2655,455
2656,307
2657,259
2658,524
2659,286
2660,138
2661,367
2662,392
2663,242
2664,377
2665,570
2666,192
2667,258
2668,430
2669,426
2670,400
2671,523
2672,356
2673,363
2674,367
2675,325
2676,155
2677,144
2678,337
2679,258
2680,342
2681,448
2682,267
2683,231
2684,137
2685,321
2686,491
2687,374
2688,216
2689,394
2690,297
2691,264
2692,497
2693,452
2694,253
2695,125
2696,291
2697,343
2698,318
2699,398
2700,340
2701,471
2702,431
2703,488
2704,424
2705,479
2706,573
2707,319
2708,142
2709,231
2710,240
2711,306
2712,224
2713,488
2714,243
2715,252
2716,522
2717,336
2718,138
2719,216
2720,223
2721,216
2722,219
2723,599
2724,293
2725,324
2726,428
2727,136
2728,133
2729,510
2730,254
2731,234
2732,381
2733,471
2734,146
2735,280
2736,331
2737,479
2738,435
2739,404
2740,231
2741,296
2742,223
2743,148
2744,400
2745,208
2746,228
2747,227
2748,133
2749,246
2750,507
2751,433
2752,349
2753,292
2754,117
2755,306
2756,295
2757,289
2758,125
2759,353
2760,327
2761,375
2762,259
2763,338
2764,333
2765,142
2766,437
2767,240
2768,336
2769,322
2770,141
2771,132
2772,141
2773,506
2774,430
2775,391
2776,146
2777,315
2778,418
2779,369
2780,337
2781,310
2782,315
2783,135
2784,351
2785,310
2786,252
2787,334
2788,370
2789,286
2790,645
2791,265
2792,240
2793,519
2794,507
2795,334
2796,479
2797,440
2798,627
2799,251
2800,512
2801,589
2802,276
2803,672
2804,517
2805,228
2806,529
2807,628
2808,383
2809,444
2810,142
2811,491
2812,137
2813,571
2814,306
2815,490
2816,244
2817,291
2818,570
2819,497
2820,519
2821,227
2822,307
2823,509
2824,451
2825,385
2826,230
2827,246
2828,218
2829,561
2830,298
2831,332
2832,329
2833,346
2834,525
2835,240
2836,251
2837,587
2838,354
2839,502
2840,470
2841,265
2842,368
2843,229
2844,136
2845,143
2846,347
2847,247
2848,234
2849,522
2850,431
2851,474
2852,538
2853,484
2854,230
2855,413
2856,324
2857,365
2858,146
2859,316
2860,288
2861,310
2862,154
2863,560
2864,251
2865,224
2866,222
2867,220
2868,239
2869,339
2870,524
2871,232
2872,443
2873,387
2874,229
2875,124
2876,360
2877,247
2878,327
2879,356
2880,321
2881,221
2882,300
2883,476
2884,547
2885,282
2886,479
2887,229
2888,231
2889,355
2890,280
2891,-50
2892,343
2893,230
2894,470
2895,437
2896,252
2897,549
2898,417
2899,237
2900,131
2901,220
2902,510
2903,341
2904,381
2905,503
2906,461
2907,338
2908,579
2909,590
2910,398
2911,501
2912,292
2913,284
2914,329
2915,476
2916,397
2917,432
2918,297
2919,332
2920,397
2921,130
2922,415
2923,324
2924,213
2925,431
2926,492
2927,414
2928,482
2929,225
2930,452
2931,138
2932,412
2933,499
2934,448
2935,139
2936,203
2937,386
2938,395
2939,308
2940,126
2941,438
2942,347
2943,302
2944,330
2945,409
2946,281
2947,218
2948,437
2949,371
2950,311
2951,560
2952,488
2953,317
2954,388
2955,445
2956,425
2957,244
2958,212
2959,406
2960,498
2961,230
2962,370
2963,428
2964,458
2965,233
2966,288
2967,130
2968,242
2969,347
2970,315
2971,239
2972,313
2973,373
2974,319
2975,251
2976,297
2977,250
2978,240
2979,365
2980,381
2981,545
2982,334
2983,140
2984,516
2985,418
2986,128
2987,302
2988,383
2989,132
2990,135
2991,530
2992,392
2993,396
2994,367
2995,327
2996,328
2997,346
2998,148
2999,129
3000,128
3001,135
3002,386
3003,119
3004,394
3005,700
3006,335
3007,135
3008,551
3009,140
3010,345
3011,298
3012,264
3013,242
3014,346
3015,300
3016,412
3017,402
3018,349
3019,225
3020,316
3021,121
3022,304
3023,202
3024,321
3025,216
3026,141
3027,356
3028,341
3029,364
3030,354
3031,136
3032,236
3033,460
3034,365
3035,454
3036,196
3037,219
3038,358
3039,578
3040,136
3041,144
3042,443
3043,135
3044,141
3045,313
3046,335
3047,329
3048,301
3049,490
3050,300
3051,-25
3052,253
3053,451
3054,228
3055,393
3056,163
3057,262
3058,150
3059,100
3060,141
3061,326
3062,219
3063,286
3064,529
3065,246
3066,468
3067,423
3068,368
3069,313
3070,408
3071,426
3072,359
3073,244
3074,453
3075,252
3076,227
3077,150
3078,241
3079,137
3080,313
3081,244
3082,249
3083,350
3084,140
3085,311
3086,381
3087,329
3088,217
3089,223
3090,129
3091,307
3092,271
3093,137
3094,428
3095,415
3096,386
3097,268
3098,326
3099,298
3100,229
3101,479
3102,427
3103,229
3104,435
3105,360
3106,137
3107,135
3108,312
3109,303
3110,278
3111,133
3112,136
3113,239
3114,146
3115,224
3116,423
3117,311
3118,352
3119,159
3120,143
3121,308
3122,341
3123,129
3124,140
3125,392
3126,333
3127,334
3128,349
3129,239
3130,141
3131,419
3132,225
3133,301
3134,434
3135,295
3136,138
3137,493
3138,357
3139,136
3140,236
3141,209
3142,656
3143,239
3144,522
3145,133
3146,127
3147,306
3148,326
3149,222
3150,142
3151,429
3152,474
3153,525
3154,313
3155,378
3156,511
3157,284
3158,326
3159,396
3160,405
3161,266
3162,545
3163,328
3164,235
3165,584
3166,342
3167,382
3168,332
3169,94
3170,405
3171,317
3172,331
3173,91
3174,135
3175,351
3176,267
3177,126
3178,219
3179,397
3180,428
3181,389
3182,231
3183,652
3184,484
3185,422
3186,375
3187,376
3188,395
3189,415
3190,145
3191,519
3192,411
3193,302
3194,443
3195,132
3196,396
3197,219
3198,134
3199,415
3200,486
3201,445
3202,319
3203,554
3204,367
3205,505
3206,427
3207,303
3208,243
3209,301
3210,380
3211,371
3212,234
3213,541
3214,527
3215,238
3216,375
3217,288
3218,255
3219,438
3220,225
3221,227
3222,258
3223,394
3224,481
3225,132
3226,216
3227,363
3228,355
3229,369
3230,398
3231,297
3232,278
3233,138
3234,514
3235,294
3236,250
3237,315
3238,269
3239,289
3240,137
3241,325
3242,456
3243,349
3244,159
3245,422
3246,224
3247,332
3248,384
3249,517
3250,269
3251,353
3252,138
3253,213
3254,271
3255,296
3256,149
3257,232
3258,219
3259,307
3260,569
3261,495
3262,340
3263,465
3264,354
3265,511
3266,357
3267,400
3268,232
3269,232
3270,221
3271,298
3272,378
3273,309
3274,514
3275,350
3276,238
3277,140
3278,363
3279,431
3280,228
3281,558
3282,326
3283,366
3284,317
3285,243
3286,275
3287,299
3288,143
3289,358
3290,320
3291,385
3292,466
3293,141
3294,466
3295,300
3296,225
3297,298
3298,413
3299,332
3300,244
3301,242
3302,318
3303,405
3304,402
3305,202
3306,393
3307,153
3308,234
3309,145
3310,264
3311,305
3312,549
3313,342
3314,651
3315,644
3316,384
3317,352
3318,461
3319,318
3320,279
3321,516
3322,358
3323,366
3324,319
3325,147
3326,357
3327,486
3328,234
3329,486
3330,351
3331,235
3332,317
3333,334
3334,144
3335,448
3336,552
3337,306
3338,329
3339,261
3340,138
3341,309
3342,213
3343,246
3344,374
3345,134
3346,223
3347,312
3348,255
3349,242
3350,227
3351,432
3352,397
3353,246
3354,549
3355,600
3356,423
3357,220
3358,369
3359,238
3360,520
3361,440
3362,402
3363,244
3364,223
3365,143
3366,227
3367,614
3368,235
3369,155
3370,230
3371,430
3372,135
3373,145
3374,316
3375,277
3376,307
3377,371
3378,469
3379,471
3380,234
3381,240
3382,14
3383,129
3384,228
3385,445
3386,521
3387,237
3388,385
3389,359
3390,420
3391,437
3392,255
3393,411
3394,421
3395,246
3396,516
3397,540
3398,519
3399,443
3400,321
3401,299
3402,357
3403,301
3404,149
3405,325
3406,141
3407,414
3408,330
3409,129
3410,316
3411,463
3412,356
3413,346
3414,354
3415,325
3416,415
3417,213
3418,403
3419,335
3420,451
3421,304
3422,524
3423,333
3424,244
3425,335
3426,313
3427,435
3428,234
3429,277
3430,338
3431,325
3432,430
3433,224
3434,274
3435,292
3436,144
3437,490
3438,232
3439,137
3440,319
3441,234
3442,224
3443,137
3444,256
3445,359
3446,506
3447,281
3448,336
3449,371
3450,82
3451,484
3452,144
3453,232
3454,342
3455,329
3456,146
3457,235
3458,262
3459,401
3460,446
3461,394
3462,146
3463,143
3464,365
3465,565
3466,661
3467,126
3468,397
3469,378
3470,71
3471,287
3472,141
3473,330
3474,441
3475,377
3476,312
3477,346
3478,223
3479,228
3480,341
3481,319
3482,306
3483,307
3484,231
3485,450
3486,420
3487,255
3488,386
3489,315
3490,220
3491,425
3492,240
3493,506
3494,361
3495,229
3496,325
3497,392
3498,144
3499,229
3500,139
3501,280
3502,362
3503,454
3504,348
3505,217
3506,279
3507,367
3508,321
3509,147
3510,244
3511,238
3512,444
3513,140
3514,308
3515,319
3516,326
3517,337
3518,427
3519,229
3520,229
3521,521
3522,341
3523,501
3524,354
3525,258
3526,352
3527,433
3528,388
3529,359
3530,309
3531,269
3532,351
3533,232
3534,370
3535,326
3536,358
3537,286
3538,236
3539,410
3540,296
3541,324
3542,388
3543,300
3544,242
3545,400
3546,232
3547,330
3548,213
3549,209
3550,439
3551,416
3552,392
3553,226
3554,352
3555,402
3556,348
3557,378
3558,224
3559,397
3560,424
3561,432
3562,310
3563,324
3564,432
3565,635
3566,140
3567,155
3568,358
3569,343
3570,244
3571,277
3572,393
3573,240
3574,449
3575,289
3576,224
3577,306
3578,277
3579,392
3580,136
3581,423
3582,471
3583,380
3584,323
3585,329
3586,379
3587,384
3588,304
3589,145
3590,590
3591,148
3592,249
3593,423
3594,323
3595,218
3596,221
3597,255
3598,149
3599,287
3600,137
3601,336
3602,706
3603,142
3604,235
3605,229
3606,139
3607,286
3608,322
3609,377
3610,420
3611,354
3612,216
3613,138
3614,144
3615,362
3616,328
3617,593
3618,308
3619,236
3620,141
3621,134
3622,330
3623,264
3624,590
3625,325
3626,324
3627,448
3628,431
3629,232
3630,368
3631,267
3632,144
3633,307
3634,222
3635,465
3636,309
3637,412
3638,317
3639,389
3640,319
3641,243
3642,477
3643,422
3644,133
3645,248
3646,383
3647,233
3648,208
3649,402
3650,445
3651,319
3652,328
3653,135
3654,298
3655,417
3656,232
3657,391
3658,404
3659,131
3660,227
3661,295
3662,227
3663,414
3664,332
3665,136
3666,223
3667,130
3668,252
3669,419
3670,451
3671,220
3672,405
3673,261
3674,141
3675,453
3676,234
3677,344
3678,150
3679,489
3680,223
3681,324
3682,222
3683,500
3684,294
3685,369
3686,295
3687,361
3688,274
3689,131
3690,256
3691,234
3692,140
3693,385
3694,223
3695,471
3696,300
3697,138
3698,244
3699,460
3700,525
3701,283
3702,139
3703,237
3704,466
3705,371
3706,435
3707,328
3708,397
3709,303
3710,255
3711,304
3712,330
3713,338
3714,503
3715,216
3716,310
3717,512
3718,343
3719,493
3720,384
3721,622
3722,433
3723,133
3724,124
3725,464
3726,416
3727,433
3728,428
3729,398
3730,230
3731,253
3732,222
3733,570
3734,486
3735,374
3736,401
3737,139
3738,221
3739,233
3740,427
3741,304
3742,247
3743,280
3744,571
3745,616
3746,453
3747,229
3748,306
3749,134
3750,251
3751,218
3752,356
3753,390
3754,321
3755,229
3756,198
3757,217
3758,234
3759,401
3760,136
3761,259
3762,203
3763,571
3764,215
3765,512
3766,407
3767,585
3768,337
3769,325
3770,316
3771,270
3772,389
3773,206
3774,420
3775,392
3776,310
3777,382
3778,301
3779,555
3780,221
3781,305
3782,624
3783,367
3784,379
3785,230
3786,378
3787,404
3788,279
3789,379
3790,533
3791,133
3792,332
3793,278
3794,128
3795,133
3796,292
3797,378
3798,405
3799,484
3800,326
3801,311
3802,321
3803,302
3804,213
3805,395
3806,308
3807,366
3808,301
3809,320
3810,215
3811,313
3812,590
3813,370
3814,212
3815,310
3816,364
3817,118
3818,128
3819,409
3820,319
3821,437
3822,233
3823,336
3824,298
3825,412
3826,533
3827,304
3828,405
3829,592
3830,338
3831,318
3832,289
3833,202
3834,244
3835,295
3836,211
3837,368
3838,312
3839,422
3840,365
3841,380
3842,303
3843,268
3844,392
3845,323
3846,283
3847,379
3848,290
3849,275
3850,404
3851,288
3852,230
3853,401
3854,601
3855,565
3856,418
3857,293
3858,221
3859,491
3860,374
3861,440
3862,311
3863,364
3864,295
3865,463
3866,476
3867,240
3868,440
3869,442
3870,490
3871,227
3872,448
3873,205
3874,314
3875,273
3876,287
3877,374
3878,371
3879,370
3880,342
3881,297
3882,469
3883,200
3884,292
3885,405
3886,297
3887,382
3888,205
3889,428
3890,133
3891,367
3892,301
3893,120
3894,366
3895,267
3896,399
3897,293
3898,358
3899,299
3900,302
3901,283
3902,294
3903,578
3904,472
3905,213
3906,328
3907,287
3908,385
3909,366
3910,209
3911,202
3912,213
3913,507
3914,397
3915,353
3916,117
3917,637
3918,493
3919,209
3920,403
3921,401
3922,287
3923,191
3924,278
3925,348
3926,287
3927,187
3928,251
3929,266
3930,278
3931,544
3932,132
3933,284
3934,385
3935,129
3936,122
3937,216
3938,272
3939,126
3940,280
3941,126
3942,197
3943,263
3944,318
3945,276
3946,331
3947,272
3948,411
3949,476
3950,129
3951,206
3952,338
3953,279
3954,308
3955,408
3956,334
3957,220
3958,228
3959,150
3960,205
3961,130
3962,281
3963,282
3964,361
3965,284
3966,186
3967,257
3968,288
3969,382
3970,336
3971,484
3972,349
3973,294
3974,392
3975,510
3976,121
3977,212
3978,217
3979,299
3980,402
3981,396
3982,342
3983,326
3984,266
3985,130
3986,206
3987,193
3988,133
3989,358
3990,449
3991,352
3992,219
3993,267
3994,429
3995,282
3996,321
3997,370
3998,388
3999,141
4000,147
4001,310
4002,433
4003,281
4004,389
4005,338
4006,272
4007,303
4008,125
4009,203
4010,399
4011,299
4012,126
4013,211
4014,298
4015,473
4016,126
4017,292
4018,541
4019,424
4020,194
4021,207
4022,281
4023,341
4024,274
4025,307
4026,295
4027,355
4028,291
4029,424
4030,272
4031,231
4032,425
4033,463
4034,288
4035,427
4036,342
4037,273
4038,367
4039,124
4040,126
4041,292
4042,410
4043,194
4044,261
4045,352
4046,291
4047,281
4048,309
4049,354
4050,462
4051,292
4052,132
4053,368
4054,378
4055,441
4056,559
4057,217
4058,211
4059,218
4060,461
4061,518
4062,447
4063,420
4064,130
4065,135
4066,220
4067,262
4068,388
4069,307
4070,466
4071,298
4072,325
4073,456
4074,294
4075,393
4076,476
4077,271
4078,363
4079,404
4080,334
4081,259
4082,311
4083,450
4084,191
4085,273
4086,265
4087,421
4088,216
4089,288
4090,285
4091,129
4092,215
4093,323
4094,542
4095,245
4096,325
4097,131
4098,140
4099,295
4100,501
4101,268
4102,293
4103,146
4104,286
4105,150
4106,584
4107,298
4108,364
4109,224
4110,287
4111,282
4112,313
4113,323
4114,376
4115,205
4116,129
4117,466
4118,391
4119,491
4120,313
4121,219
4122,377
4123,275
4124,299
4125,370
4126,138
4127,535
4128,298
4129,294
4130,281
4131,368
4132,266
4133,283
4134,364
4135,208
4136,447
4137,138
4138,390
4139,378
4140,136
4141,431
4142,296
4143,296
4144,137
4145,340
4146,384
4147,287
4148,141
4149,228
4150,306
4151,472
4152,448
4153,604
4154,435
4155,222
4156,474
4157,225
4158,415
4159,141
4160,213
4161,134
4162,345
4163,349
4164,214
4165,375
4166,472
4167,292
4168,228
4169,290
4170,369
4171,140
4172,424
4173,236
4174,447
4175,134
4176,278
4177,471
4178,310
4179,519
4180,286
4181,443
4182,514
4183,295
4184,398
4185,463
4186,305
4187,562
4188,285
4189,314
4190,563
4191,503
4192,132
4193,351
4194,271
4195,399
4196,281
4197,143
4198,290
4199,388
4200,136
4201,265
4202,131
4203,276
4204,424
4205,277
4206,135
4207,252
4208,246
4209,325
4210,316
4211,278
4212,138
4213,416
4214,384
4215,357
4216,372
4217,284
4218,222
4219,476
4220,217
4221,223
4222,219
4223,133
4224,145
4225,235
4226,358
4227,474
4228,109
4229,129
4230,297
4231,252
4232,308
4233,136
4234,322
4235,261
4236,288
4237,225
4238,232
4239,132
4240,453
4241,263
4242,327
4243,247
4244,321
4245,296
4246,401
4247,358
4248,416
4249,223
4250,351
4251,467
4252,281
4253,402
4254,299
4255,303
4256,146
4257,220
4258,137
4259,394
4260,349
4261,272
4262,223
4263,453
4264,331
4265,326
4266,142
4267,133
4268,534
4269,538
4270,690
4271,137
4272,205
4273,227
4274,295
4275,124
4276,136
4277,296
4278,392
4279,205
4280,356
4281,372
4282,137
4283,361
4284,322
4285,404
4286,322
4287,389
4288,256
4289,132
4290,244
4291,286
4292,300
4293,603
4294,338
4295,124
4296,245
4297,502
4298,221
4299,233
4300,357
4301,257
4302,223
4303,433
4304,214
4305,227
4306,411
4307,137
4308,425
4309,138
4310,309
4311,211
4312,325
4313,525
4314,330
4315,462
4316,435
4317,373
4318,535
4319,346
4320,258
4321,368
4322,365
4323,389
4324,595
4325,218
4326,392
4327,226
4328,139
4329,338
4330,148
4331,236
4332,595
4333,259
4334,337
4335,309
4336,548
4337,531
4338,382
4339,296
4340,604
4341,210
4342,303
4343,472
4344,215
4345,228
4346,239
4347,230
4348,347
4349,231
4350,237
4351,349
4352,491
4353,212
4354,456
4355,466
4356,290
4357,398
4358,278
4359,480
4360,344
4361,537
4362,337
4363,564
4364,492
4365,300
4366,206
4367,130
4368,134
4369,486
4370,326
4371,391
4372,341
4373,261
4374,482
4375,205
4376,290
4377,290
4378,308
4379,273
4380,470
4381,258
4382,429
4383,523
4384,343
4385,219
4386,336
4387,300
4388,142
4389,312
4390,329
4391,308
4392,277
4393,297
4394,134
4395,253
4396,343
4397,244
4398,218
4399,247
4400,336
4401,333
4402,354
4403,457
4404,313
4405,335
4406,131
4407,321
4408,247
4409,256
4410,429
4411,301
4412,129
4413,340
4414,631
4415,213
4416,261
4417,292
4418,207
4419,305
4420,373
4421,277
4422,139
4423,287
4424,135
4425,320
4426,372
4427,404
4428,429
4429,211
4430,372
4431,490
4432,310
4433,330
4434,205
4435,723
4436,314
4437,295
4438,467
4439,480
4440,501
4441,370
4442,438
4443,371
4444,721
4445,304
4446,439
4447,208
4448,418
4449,547
4450,298
4451,198
4452,475
4453,294
4454,416
4455,214
4456,284
4457,295
4458,130
4459,274
4460,381
4461,469
4462,448
4463,255
4464,403
4465,400
4466,288
4467,307
4468,479
4469,578
4470,520
4471,288
4472,202
4473,489
4474,485
4475,406
4476,525
4477,394
4478,283
4479,268
4480,401
4481,355
4482,336
4483,252
4484,304
4485,475
4486,300
4487,364
4488,113
4489,199
4490,278
4491,305
4492,340
4493,303
4494,249
4495,413
4496,121
4497,430
4498,211
4499,355
4500,205
4501,289
4502,266
4503,329
4504,496
4505,209
4506,641
4507,278
4508,482
4509,458
4510,282
4511,304
4512,129
4513,628
4514,293
4515,289
4516,565
4517,457
4518,372
4519,376
4520,417
4521,392
4522,459
4523,662
4524,287
4525,276
4526,392
4527,493
4528,626
4529,502
4530,340
4531,393
4532,530
4533,208
4534,379
4535,470
4536,284
4537,194
4538,309
4539,452
4540,306
4541,356
4542,387
4543,446
4544,227
4545,463
4546,369
4547,521
4548,404
4549,384
4550,280
4551,495
4552,284
4553,376
4554,267
4555,465
4556,376
4557,284
4558,447
4559,207
4560,228
4561,191
4562,441
4563,348
4564,295
4565,279
4566,255
4567,519
4568,389
4569,360
4570,370
4571,590
4572,372
4573,295
4574,193
4575,190
4576,196
4577,261
4578,557
4579,488
4580,402
4581,578
4582,472
4583,553
4584,382
4585,331
4586,378
4587,293
4588,260
4589,405
4590,220
4591,304
4592,209
4593,392
4594,370
4595,601
4596,367
4597,266
4598,539
4599,276
4600,510
4601,361
4602,209
4603,422
4604,308
4605,457
4606,499
4607,238
4608,375
4609,345
4610,298
4611,504
4612,376
4613,320
4614,306
4615,119
4616,315
4617,369
4618,233
4619,325
4620,264
4621,190
4622,236
4623,357
4624,399
4625,409
4626,272
4627,289
4628,273
4629,283
4630,251
4631,292
4632,333
4633,317
4634,361
4635,246
4636,325
4637,214
4638,267
4639,202
4640,260
4641,222
4642,238
4643,272
4644,510
4645,122
4646,216
4647,531
4648,323
4649,212
4650,462
4651,402
4652,218
4653,485
4654,360
4655,324
4656,470
4657,310
4658,472
4659,413
4660,311
4661,468
4662,267
4663,331
4664,365
4665,350
4666,278
4667,384
4668,297
4669,484
4670,372
4671,373
4672,197
4673,264
4674,243
4675,358
4676,368
4677,287
4678,267
4679,366
4680,445
4681,549
4682,379
4683,432
4684,275
4685,182
4686,209
4687,379
4688,288
4689,260
4690,376
4691,248
4692,361
4693,453
4694,265
4695,361
4696,282
4697,343
4698,279
4699,201
4700,281
4701,268
4702,343
4703,315
4704,279
4705,280
4706,434
4707,374
4708,396
4709,362
4710,384
4711,352
4712,220
4713,474
4714,369
4715,292
4716,504
4717,356
4718,238
4719,183
4720,317
4721,287
4722,434
4723,556
4724,355
4725,314
4726,405
4727,408
4728,279
4729,247
4730,237
4731,425
4732,295
4733,345
4734,215
4735,206
4736,350
4737,390
4738,252
4739,113
4740,300
4741,392
4742,240
4743,303
4744,375
4745,194
4746,278
4747,127
4748,427
4749,201
4750,395
4751,285
4752,134
4753,256
4754,207
4755,394
4756,268
4757,275
4758,275
4759,276
4760,276
4761,394
4762,264
4763,337
4764,193
4765,274
4766,126
4767,426
4768,645
4769,501
4770,347
4771,367
4772,553
4773,261
4774,562
4775,500
4776,382
4777,446
4778,307
4779,260
4780,383
4781,331
4782,266
4783,286
4784,347
4785,367
4786,365
4787,328
4788,348
4789,263
4790,203
4791,181
4792,232
4793,276
4794,468
4795,189
4796,347
4797,183
4798,305
4799,292
4800,171
4801,356
4802,280
4803,190
4804,309
4805,271
4806,255
4807,305
4808,224
4809,346
4810,392
4811,137
4812,293
4813,367
4814,389
4815,163
4816,195
4817,402
4818,263
4819,206
4820,491
4821,276
4822,456
4823,331
4824,528
4825,304
4826,389
4827,294
4828,284
4829,255
4830,293
4831,577
4832,393
4833,195
4834,352
4835,113
4836,500
