0,2.0
1,4.0
2,-2.0
3,7.0
4,14.0
5,7.0
6,1.0
7,3.0
8,8.0
9,11.0
10,1.0
11,2.0
12,9.0
13,14.0
14,7.0
15,3.0
16,3.0
17,3.0
18,10.0
19,6.0
20,11.0
21,11.0
22,3.0
23,7.0
24,4.0
25,8.0
26,4.0
27,1.0
28,12.0
29,3.0
30,4.0
31,3.0
32,8.0
33,6.0
34,6.0
35,10.0
36,12.0
37,5.0
38,1.0
39,0.0
40,7.0
41,4.0
42,5.0
43,10.0
44,10.0
45,9.0
46,10.0
47,1.0
48,10.0
49,18.0
50,5.0
51,14.0
52,3.0
53,8.0
54,6.0
55,15.0
56,4.0
57,10.0
58,14.0
59,8.0
60,12.0
61,11.0
62,4.0
63,5.0
64,8.0
65,3.0
66,0.0
67,16.0
68,4.0
69,4.0
70,2.0
71,3.0
72,7.0
73,3.0
74,4.0
75,7.0
76,4.0
77,6.0
78,6.0
79,7.0
80,6.0
81,18.0
82,3.0
83,2.0
84,3.0
85,2.0
86,4.0
87,8.0
88,8.0
89,4.0
90,0.0
91,5.0
92,1.0
93,5.0
94,7.0
95,15.0
96,4.0
97,3.0
98,6.0
99,3.0
100,0.0
101,19.0
102,8.0
103,2.0
104,12.0
105,3.0
106,5.0
107,12.0
108,3.0
109,6.0
110,9.0
111,7.0
112,4.0
113,3.0
114,10.0
115,4.0
116,0.0
117,2.0
118,5.0
119,0.0
120,3.0
121,2.0
122,3.0
123,11.0
124,15.0
125,4.0
126,4.0
127,10.0
128,5.0
129,2.0
130,8.0
131,5.0
132,9.0
133,6.0
134,5.0
135,8.0
136,3.0
137,11.0
138,9.0
139,0.0
140,11.0
141,6.0
142,3.0
143,5.0
144,6.0
145,4.0
146,2.0
147,12.0
148,9.0
149,9.0
150,10.0
151,10.0
152,9.0
153,3.0
154,9.0
155,11.0
156,5.0
157,15.0
158,5.0
159,3.0
160,3.0
161,9.0
162,13.0
163,23.0
164,4.0
165,6.0
166,6.0
167,12.0
168,4.0
169,8.0
170,3.0
171,6.0
172,2.0
173,9.0
174,10.0
175,11.0
176,12.0
177,6.0
178,16.0
179,4.0
180,8.0
181,2.0
182,1.0
183,10.0
184,14.0
185,2.0
186,11.0
187,7.0
188,10.0
189,16.0
190,9.0
191,15.0
192,16.0
193,14.0
194,8.0
195,5.0
196,0.0
197,3.0
198,5.0
199,3.0
200,11.0
201,3.0
202,3.0
203,10.0
204,2.0
205,5.0
206,2.0
207,8.0
208,9.0
209,4.0
210,4.0
211,5.0
212,4.0
213,6.0
214,10.0
215,1.0
216,7.0
217,13.0
218,8.0
219,2.0
220,13.0
221,-1.0
222,3.0
223,4.0
224,3.0
225,24.0
226,9.0
227,4.0
228,7.0
229,5.0
230,1.0
231,2.0
232,2.0
233,3.0
234,6.0
235,8.0
236,2.0
237,7.0
238,-1.0
239,7.0
240,2.0
241,11.0
242,6.0
243,6.0
244,4.0
245,7.0
246,5.0
247,17.0
248,4.0
249,4.0
250,5.0
251,3.0
252,8.0
253,2.0
254,17.0
255,2.0
256,11.0
257,0.0
258,13.0
259,6.0
260,18.0
261,7.0
262,6.0
263,3.0
264,4.0
265,12.0
266,10.0
267,3.0
268,17.0
269,2.0
270,18.0
271,0.0
272,17.0
273,8.0
274,16.0
275,0.0
276,6.0
277,6.0
278,6.0
279,8.0
280,7.0
281,10.0
282,7.0
283,13.0
284,9.0
285,5.0
286,15.0
287,15.0
288,13.0
289,2.0
290,18.0
291,4.0
292,8.0
293,11.0
294,4.0
295,6.0
296,2.0
297,13.0
298,3.0
299,11.0
300,3.0
301,13.0
302,9.0
303,6.0
304,11.0
305,13.0
306,4.0
307,11.0
308,8.0
309,8.0
310,9.0
311,18.0
312,9.0
313,3.0
314,0.0
315,28.0
316,8.0
317,6.0
318,3.0
319,6.0
320,0.0
321,11.0
322,9.0
323,8.0
324,13.0
325,9.0
326,10.0
327,10.0
328,4.0
329,7.0
330,10.0
331,6.0
332,9.0
333,11.0
334,9.0
335,12.0
336,7.0
337,5.0
338,16.0
339,12.0
340,7.0
341,9.0
342,3.0
343,2.0
344,7.0
345,7.0
346,23.0
347,9.0
348,9.0
349,3.0
350,3.0
351,7.0
352,8.0
353,3.0
354,14.0
355,10.0
356,6.0
357,4.0
358,26.0
359,8.0
360,5.0
361,8.0
362,8.0
363,13.0
364,9.0
365,13.0
366,16.0
367,15.0
368,12.0
369,9.0
370,10.0
371,4.0
372,12.0
373,3.0
374,5.0
375,8.0
376,8.0
377,4.0
378,5.0
379,23.0
380,12.0
381,6.0
382,7.0
383,8.0
384,4.0
385,13.0
386,21.0
387,5.0
388,7.0
389,9.0
390,9.0
391,5.0
392,20.0
393,6.0
394,3.0
395,6.0
396,12.0
397,6.0
398,16.0
399,14.0
400,8.0
401,3.0
402,19.0
403,9.0
404,11.0
405,9.0
406,7.0
407,6.0
408,6.0
409,10.0
410,4.0
411,5.0
412,12.0
413,7.0
414,5.0
415,5.0
416,7.0
417,4.0
418,8.0
419,10.0
420,10.0
421,14.0
422,8.0
423,8.0
424,10.0
425,3.0
426,2.0
427,5.0
428,17.0
429,6.0
430,3.0
431,10.0
432,10.0
433,2.0
434,5.0
435,3.0
436,10.0
437,12.0
438,10.0
439,11.0
440,8.0
441,6.0
442,3.0
443,7.0
444,2.0
445,6.0
446,15.0
447,4.0
448,6.0
449,5.0
450,7.0
451,8.0
452,7.0
453,4.0
454,5.0
455,12.0
456,7.0
457,7.0
458,4.0
459,7.0
460,19.0
461,3.0
462,8.0
463,8.0
464,15.0
465,11.0
466,6.0
467,8.0
468,16.0
469,9.0
470,18.0
471,10.0
472,19.0
473,5.0
474,5.0
475,6.0
476,5.0
477,11.0
478,7.0
479,1.0
480,7.0
481,11.0
482,0.0
483,3.0
484,3.0
485,5.0
486,14.0
487,6.0
488,13.0
489,6.0
490,2.0
491,4.0
492,5.0
493,5.0
494,8.0
495,15.0
496,21.0
497,7.0
498,4.0
499,8.0
500,7.0
501,8.0
502,22.0
503,6.0
504,5.0
505,6.0
506,20.0
507,9.0
508,4.0
509,15.0
510,13.0
511,14.0
512,19.0
513,14.0
514,6.0
515,11.0
516,29.0
517,13.0
518,7.0
519,5.0
520,14.0
521,7.0
522,9.0
523,9.0
524,9.0
525,1.0
526,2.0
527,4.0
528,6.0
529,5.0
530,13.0
531,4.0
532,5.0
533,4.0
534,6.0
535,5.0
536,9.0
537,5.0
538,11.0
539,6.0
540,13.0
541,6.0
542,5.0
543,12.0
544,22.0
545,9.0
546,19.0
547,10.0
548,16.0
549,4.0
550,5.0
551,9.0
552,9.0
553,13.0
554,14.0
555,5.0
556,9.0
557,11.0
558,15.0
559,27.0
560,6.0
561,12.0
562,11.0
563,8.0
564,7.0
565,10.0
566,12.0
567,12.0
568,7.0
569,9.0
570,21.0
571,18.0
572,6.0
573,4.0
574,9.0
575,19.0
576,6.0
577,7.0
578,11.0
579,18.0
580,10.0
581,6.0
582,18.0
583,14.0
584,8.0
585,7.0
586,8.0
587,7.0
588,13.0
589,7.0
590,6.0
591,6.0
592,8.0
593,4.0
594,8.0
595,12.0
596,12.0
597,8.0
598,1.0
599,18.0
600,19.0
601,4.0
602,11.0
603,3.0
604,3.0
605,6.0
606,6.0
607,12.0
608,13.0
609,3.0
610,11.0
611,13.0
612,15.0
613,13.0
614,21.0
615,4.0
616,3.0
617,10.0
618,14.0
619,17.0
620,4.0
621,16.0
622,13.0
623,6.0
624,5.0
625,10.0
626,15.0
627,7.0
628,12.0
629,7.0
630,8.0
631,2.0
632,17.0
633,22.0
634,7.0
635,13.0
636,10.0
637,5.0
638,8.0
639,5.0
640,3.0
641,4.0
642,13.0
643,8.0
644,4.0
645,15.0
646,19.0
647,7.0
648,13.0
649,16.0
650,-2.0
651,17.0
652,7.0
653,12.0
654,4.0
655,10.0
656,6.0
657,9.0
658,4.0
659,6.0
660,11.0
661,4.0
662,18.0
663,23.0
664,17.0
665,8.0
666,15.0
667,20.0
668,8.0
669,14.0
670,6.0
671,6.0
672,16.0
673,14.0
674,19.0
675,15.0
676,9.0
677,18.0
678,18.0
679,11.0
680,11.0
681,5.0
682,7.0
683,7.0
684,11.0
685,7.0
686,16.0
687,13.0
688,8.0
689,18.0
690,9.0
691,11.0
692,6.0
693,15.0
694,14.0
695,8.0
696,7.0
697,10.0
698,12.0
699,6.0
700,17.0
701,7.0
702,4.0
703,3.0
704,7.0
705,14.0
706,7.0
707,14.0
708,2.0
709,9.0
710,2.0
711,8.0
712,22.0
713,14.0
714,7.0
715,16.0
716,9.0
717,18.0
718,7.0
719,18.0
720,12.0
721,13.0
722,9.0
723,9.0
724,17.0
725,17.0
726,9.0
727,11.0
728,16.0
729,19.0
730,10.0
731,7.0
732,23.0
733,16.0
734,19.0
735,13.0
736,11.0
737,8.0
738,8.0
739,10.0
740,9.0
741,31.0
742,15.0
743,15.0
744,15.0
745,7.0
746,4.0
747,13.0
748,10.0
749,6.0
750,7.0
751,5.0
752,14.0
753,16.0
754,14.0
755,9.0
756,8.0
757,18.0
758,4.0
759,8.0
760,12.0
761,10.0
762,13.0
763,12.0
764,9.0
765,9.0
766,15.0
767,10.0
768,5.0
769,23.0
770,9.0
771,3.0
772,9.0
773,7.0
774,10.0
775,20.0
776,17.0
777,11.0
778,14.0
779,9.0
780,13.0
781,14.0
782,10.0
783,16.0
784,14.0
785,9.0
786,16.0
787,14.0
788,18.0
789,27.0
790,6.0
791,12.0
792,16.0
793,9.0
794,4.0
795,17.0
796,9.0
797,2.0
798,9.0
799,11.0
800,11.0
801,11.0
802,5.0
803,19.0
804,8.0
805,14.0
806,12.0
807,16.0
808,8.0
809,13.0
810,15.0
811,15.0
812,19.0
813,13.0
814,8.0
815,5.0
816,12.0
817,8.0
818,5.0
819,7.0
820,10.0
821,9.0
822,6.0
823,13.0
824,13.0
825,9.0
826,18.0
827,19.0
828,27.0
829,9.0
830,10.0
831,25.0
832,12.0
833,9.0
834,4.0
835,14.0
836,8.0
837,13.0
838,20.0
839,7.0
840,16.0
841,14.0
842,18.0
843,18.0
844,16.0
845,6.0
846,16.0
847,6.0
848,7.0
849,21.0
850,22.0
851,13.0
852,27.0
853,15.0
854,21.0
855,23.0
856,24.0
857,18.0
858,15.0
859,13.0
860,12.0
861,10.0
862,8.0
863,5.0
864,8.0
865,10.0
866,11.0
867,13.0
868,16.0
869,19.0
870,7.0
871,26.0
872,16.0
873,15.0
874,11.0
875,11.0
876,13.0
877,17.0
878,14.0
879,9.0
880,12.0
881,21.0
882,21.0
883,20.0
884,22.0
885,8.0
886,12.0
887,17.0
888,16.0
889,3.0
890,25.0
891,18.0
892,21.0
893,13.0
894,7.0
895,14.0
896,8.0
897,11.0
898,9.0
899,10.0
900,9.0
901,19.0
902,5.0
903,6.0
904,15.0
905,12.0
906,13.0
907,2.0
908,14.0
909,14.0
910,9.0
911,18.0
912,10.0
913,9.0
914,10.0
915,23.0
916,13.0
917,21.0
918,10.0
919,14.0
920,18.0
921,9.0
922,11.0
923,19.0
924,5.0
925,9.0
926,10.0
927,15.0
928,14.0
929,9.0
930,5.0
931,7.0
932,7.0
933,12.0
934,12.0
935,4.0
936,16.0
937,15.0
938,9.0
939,14.0
940,11.0
941,10.0
942,16.0
943,7.0
944,6.0
945,16.0
946,20.0
947,26.0
948,8.0
949,15.0
950,3.0
951,17.0
952,10.0
953,9.0
954,10.0
955,9.0
956,12.0
957,22.0
958,15.0
959,13.0
960,16.0
961,16.0
962,8.0
963,13.0
964,6.0
965,12.0
966,13.0
967,15.0
968,11.0
969,4.0
970,3.0
971,15.0
972,15.0
973,18.0
974,10.0
975,8.0
976,11.0
977,7.0
978,2.0
979,16.0
980,22.0
981,25.0
982,14.0
983,15.0
984,5.0
985,21.0
986,8.0
987,12.0
988,13.0
989,16.0
990,16.0
991,7.0
992,14.0
993,9.0
994,16.0
995,21.0
996,14.0
997,13.0
998,17.0
999,14.0
1000,12.0
1001,11.0
1002,15.0
1003,12.0
1004,8.0
1005,21.0
1006,31.0
1007,14.0
1008,14.0
1009,9.0
1010,9.0
1011,17.0
1012,16.0
1013,8.0
1014,19.0
1015,12.0
1016,9.0
1017,17.0
1018,16.0
1019,10.0
1020,14.0
1021,21.0
1022,13.0
1023,17.0
1024,28.0
1025,15.0
1026,12.0
1027,9.0
1028,20.0
1029,5.0
1030,18.0
1031,8.0
1032,13.0
1033,6.0
1034,22.0
1035,16.0
1036,17.0
1037,10.0
1038,18.0
1039,14.0
1040,12.0
1041,14.0
1042,16.0
1043,12.0
1044,8.0
1045,12.0
1046,11.0
1047,18.0
1048,6.0
1049,14.0
1050,9.0
1051,17.0
1052,9.0
1053,19.0
1054,19.0
1055,22.0
1056,16.0
1057,22.0
1058,12.0
1059,2.0
1060,16.0
1061,19.0
1062,24.0
1063,17.0
1064,20.0
1065,15.0
1066,25.0
1067,20.0
1068,21.0
1069,14.0
1070,23.0
1071,23.0
1072,17.0
1073,15.0
1074,41.0
1075,19.0
1076,7.0
1077,23.0
1078,9.0
1079,14.0
1080,19.0
1081,18.0
1082,23.0
1083,5.0
1084,24.0
1085,18.0
1086,24.0
1087,14.0
1088,14.0
1089,16.0
1090,15.0
1091,23.0
1092,26.0
1093,10.0
1094,18.0
1095,17.0
1096,11.0
1097,15.0
1098,10.0
1099,12.0
1100,10.0
1101,13.0
1102,28.0
1103,23.0
1104,8.0
1105,10.0
1106,26.0
1107,25.0
1108,16.0
1109,21.0
1110,15.0
1111,10.0
1112,12.0
1113,32.0
1114,21.0
1115,19.0
1116,6.0
1117,17.0
1118,18.0
1119,11.0
1120,25.0
1121,26.0
1122,18.0
1123,15.0
1124,11.0
1125,8.0
1126,16.0
1127,28.0
1128,22.0
1129,21.0
1130,22.0
1131,19.0
1132,18.0
1133,15.0
1134,16.0
1135,13.0
1136,20.0
1137,29.0
1138,12.0
1139,10.0
1140,22.0
1141,15.0
1142,22.0
1143,17.0
1144,10.0
1145,17.0
1146,26.0
1147,17.0
1148,17.0
1149,16.0
1150,12.0
1151,21.0
1152,23.0
1153,13.0
1154,31.0
1155,21.0
1156,17.0
1157,15.0
1158,20.0
1159,15.0
1160,19.0
1161,9.0
1162,25.0
1163,22.0
1164,10.0
1165,22.0
1166,12.0
1167,18.0
1168,16.0
1169,24.0
1170,15.0
1171,22.0
1172,25.0
1173,14.0
1174,22.0
1175,12.0
1176,20.0
1177,11.0
1178,32.0
1179,18.0
1180,13.0
1181,19.0
1182,15.0
1183,29.0
1184,13.0
1185,18.0
1186,12.0
1187,16.0
1188,12.0
1189,21.0
1190,15.0
1191,17.0
1192,17.0
1193,14.0
1194,22.0
1195,17.0
1196,29.0
1197,22.0
1198,15.0
1199,10.0
1200,21.0
1201,18.0
1202,13.0
1203,28.0
1204,18.0
1205,28.0
1206,15.0
1207,20.0
1208,19.0
1209,19.0
1210,19.0
1211,13.0
1212,18.0
1213,12.0
1214,21.0
1215,12.0
1216,21.0
1217,22.0
1218,24.0
1219,18.0
1220,20.0
1221,16.0
1222,23.0
1223,24.0
1224,16.0
1225,16.0
1226,27.0
1227,35.0
1228,15.0
1229,18.0
1230,14.0
1231,19.0
1232,17.0
1233,20.0
1234,17.0
1235,20.0
1236,13.0
1237,31.0
1238,19.0
1239,18.0
1240,14.0
1241,19.0
1242,23.0
1243,15.0
1244,28.0
1245,17.0
1246,12.0
1247,22.0
1248,18.0
1249,20.0
1250,27.0
1251,26.0
1252,7.0
1253,14.0
1254,13.0
1255,16.0
1256,8.0
1257,21.0
1258,26.0
1259,19.0
1260,31.0
1261,38.0
1262,15.0
1263,25.0
1264,12.0
1265,15.0
1266,13.0
1267,13.0
1268,13.0
1269,9.0
1270,24.0
1271,18.0
1272,13.0
1273,16.0
1274,16.0
1275,30.0
1276,24.0
1277,11.0
1278,23.0
1279,28.0
1280,22.0
1281,9.0
1282,12.0
1283,12.0
1284,17.0
1285,11.0
1286,16.0
1287,23.0
1288,11.0
1289,24.0
1290,21.0
1291,24.0
1292,12.0
1293,14.0
1294,19.0
1295,21.0
1296,11.0
1297,25.0
1298,9.0
1299,14.0
1300,11.0
1301,15.0
1302,14.0
1303,18.0
1304,16.0
1305,22.0
1306,19.0
1307,28.0
1308,27.0
1309,32.0
1310,18.0
1311,20.0
1312,11.0
1313,14.0
1314,22.0
1315,24.0
1316,25.0
1317,15.0
1318,22.0
1319,17.0
1320,20.0
1321,14.0
1322,13.0
1323,24.0
1324,21.0
1325,18.0
1326,21.0
1327,19.0
1328,9.0
1329,11.0
1330,19.0
1331,18.0
1332,29.0
1333,21.0
1334,11.0
1335,16.0
1336,32.0
1337,15.0
1338,10.0
1339,23.0
1340,26.0
1341,19.0
1342,21.0
1343,22.0
1344,31.0
1345,13.0
1346,21.0
1347,12.0
1348,30.0
1349,17.0
1350,17.0
1351,8.0
1352,23.0
1353,20.0
1354,31.0
1355,19.0
1356,17.0
1357,21.0
1358,14.0
1359,25.0
1360,30.0
1361,28.0
1362,24.0
1363,10.0
1364,15.0
1365,13.0
1366,14.0
1367,19.0
1368,23.0
1369,23.0
1370,18.0
1371,19.0
1372,12.0
1373,12.0
1374,12.0
1375,21.0
1376,30.0
1377,19.0
1378,14.0
1379,17.0
1380,25.0
1381,22.0
1382,18.0
1383,13.0
1384,19.0
1385,22.0
1386,22.0
1387,14.0
1388,13.0
1389,13.0
1390,15.0
1391,27.0
1392,13.0
1393,16.0
1394,22.0
1395,24.0
1396,19.0
1397,22.0
1398,21.0
1399,18.0
1400,25.0
1401,14.0
1402,16.0
1403,28.0
1404,10.0
1405,16.0
1406,18.0
1407,18.0
1408,18.0
1409,28.0
1410,20.0
1411,16.0
1412,14.0
1413,16.0
1414,21.0
1415,27.0
1416,17.0
1417,28.0
1418,20.0
1419,21.0
1420,15.0
1421,18.0
1422,31.0
1423,12.0
1424,25.0
1425,16.0
1426,11.0
1427,20.0
1428,27.0
1429,18.0
1430,10.0
1431,32.0
1432,24.0
1433,15.0
1434,25.0
1435,16.0
1436,18.0
1437,27.0
1438,18.0
1439,12.0
1440,20.0
1441,30.0
1442,26.0
1443,23.0
1444,29.0
1445,27.0
1446,20.0
1447,19.0
1448,13.0
1449,21.0
1450,22.0
1451,20.0
1452,10.0
1453,31.0
1454,27.0
1455,29.0
1456,12.0
1457,21.0
1458,28.0
1459,24.0
1460,16.0
1461,14.0
1462,24.0
1463,29.0
1464,18.0
1465,19.0
1466,16.0
1467,18.0
1468,15.0
1469,31.0
1470,8.0
1471,28.0
1472,17.0
1473,14.0
1474,23.0
1475,32.0
1476,17.0
1477,26.0
1478,22.0
1479,19.0
1480,33.0
1481,9.0
1482,12.0
1483,22.0
1484,21.0
1485,9.0
1486,26.0
1487,20.0
1488,7.0
1489,15.0
1490,28.0
1491,31.0
1492,22.0
1493,9.0
1494,12.0
1495,22.0
1496,22.0
1497,30.0
1498,23.0
1499,14.0
1500,24.0
1501,19.0
1502,19.0
1503,28.0
1504,25.0
1505,30.0
1506,25.0
1507,20.0
1508,16.0
1509,15.0
1510,19.0
1511,23.0
1512,17.0
1513,22.0
1514,32.0
1515,20.0
1516,19.0
1517,22.0
1518,24.0
1519,20.0
1520,26.0
1521,33.0
1522,17.0
1523,26.0
1524,29.0
1525,15.0
1526,18.0
1527,20.0
1528,14.0
1529,25.0
1530,22.0
1531,20.0
1532,19.0
1533,13.0
1534,20.0
1535,15.0
1536,29.0
1537,31.0
1538,16.0
1539,32.0
1540,18.0
1541,32.0
1542,20.0
1543,24.0
1544,23.0
1545,21.0
1546,24.0
1547,25.0
1548,15.0
1549,18.0
1550,20.0
1551,31.0
1552,18.0
1553,24.0
1554,31.0
1555,16.0
1556,18.0
1557,22.0
1558,20.0
1559,26.0
1560,21.0
1561,24.0
1562,35.0
1563,17.0
1564,23.0
1565,31.0
1566,31.0
1567,14.0
1568,16.0
1569,25.0
1570,19.0
1571,25.0
1572,21.0
1573,21.0
1574,20.0
1575,18.0
1576,23.0
1577,23.0
1578,24.0
1579,20.0
1580,26.0
1581,23.0
1582,23.0
1583,24.0
1584,16.0
1585,26.0
1586,26.0
1587,23.0
1588,26.0
1589,19.0
1590,16.0
1591,30.0
1592,27.0
1593,32.0
1594,14.0
1595,14.0
1596,19.0
1597,25.0
1598,18.0
1599,17.0
1600,19.0
1601,23.0
1602,30.0
1603,17.0
1604,32.0
1605,24.0
1606,19.0
1607,17.0
1608,28.0
1609,25.0
1610,24.0
1611,26.0
1612,20.0
1613,27.0
1614,18.0
1615,11.0
1616,20.0
1617,17.0
1618,19.0
1619,17.0
1620,19.0
1621,15.0
1622,19.0
1623,26.0
1624,17.0
1625,25.0
1626,28.0
1627,10.0
1628,20.0
1629,18.0
1630,18.0
1631,27.0
1632,20.0
1633,18.0
1634,19.0
1635,12.0
1636,22.0
1637,18.0
1638,14.0
1639,15.0
1640,29.0
1641,20.0
1642,24.0
1643,19.0
1644,33.0
1645,22.0
1646,17.0
1647,20.0
1648,21.0
1649,9.0
1650,14.0
1651,22.0
1652,45.0
1653,7.0
1654,19.0
1655,16.0
1656,8.0
1657,19.0
1658,29.0
1659,27.0
1660,19.0
1661,17.0
1662,12.0
1663,10.0
1664,37.0
1665,21.0
1666,9.0
1667,21.0
1668,26.0
1669,25.0
1670,18.0
1671,18.0
1672,7.0
1673,23.0
1674,33.0
1675,16.0
1676,13.0
1677,23.0
1678,23.0
1679,16.0
1680,17.0
1681,13.0
1682,23.0
1683,18.0
1684,20.0
1685,9.0
1686,28.0
1687,24.0
1688,28.0
1689,20.0
1690,24.0
1691,14.0
1692,21.0
1693,25.0
1694,23.0
1695,32.0
1696,17.0
1697,17.0
1698,16.0
1699,25.0
1700,19.0
1701,19.0
1702,27.0
1703,19.0
1704,17.0
1705,19.0
1706,15.0
1707,25.0
1708,20.0
1709,22.0
1710,19.0
1711,17.0
1712,22.0
1713,31.0
1714,24.0
1715,16.0
1716,27.0
1717,28.0
1718,21.0
1719,22.0
1720,27.0
1721,16.0
1722,27.0
1723,21.0
1724,20.0
1725,22.0
1726,21.0
1727,16.0
1728,22.0
1729,23.0
1730,23.0
1731,32.0
1732,22.0
1733,29.0
1734,23.0
1735,15.0
1736,22.0
1737,21.0
1738,32.0
1739,29.0
1740,21.0
1741,23.0
1742,14.0
1743,21.0
1744,23.0
1745,22.0
1746,22.0
1747,21.0
1748,22.0
1749,22.0
1750,28.0
1751,24.0
1752,16.0
1753,23.0
1754,23.0
1755,25.0
1756,21.0
1757,18.0
1758,32.0
1759,21.0
1760,12.0
1761,32.0
1762,22.0
1763,24.0
1764,23.0
1765,15.0
1766,28.0
1767,23.0
1768,23.0
1769,20.0
1770,26.0
1771,24.0
1772,23.0
1773,19.0
1774,26.0
1775,28.0
1776,18.0
1777,18.0
1778,17.0
1779,31.0
1780,24.0
1781,33.0
1782,17.0
1783,21.0
1784,26.0
1785,15.0
1786,25.0
1787,14.0
1788,18.0
1789,26.0
1790,21.0
1791,32.0
1792,19.0
1793,22.0
1794,28.0
1795,23.0
1796,21.0
1797,16.0
1798,18.0
1799,24.0
1800,23.0
1801,24.0
1802,17.0
1803,28.0
1804,13.0
1805,26.0
1806,23.0
1807,22.0
1808,23.0
1809,24.0
1810,16.0
1811,20.0
1812,15.0
1813,29.0
1814,23.0
1815,37.0
1816,27.0
1817,24.0
1818,28.0
1819,31.0
1820,31.0
1821,27.0
1822,19.0
1823,24.0
1824,22.0
1825,23.0
1826,33.0
1827,18.0
1828,14.0
1829,22.0
1830,20.0
1831,35.0
1832,22.0
1833,29.0
1834,28.0
1835,31.0
1836,28.0
1837,24.0
1838,17.0
1839,23.0
1840,15.0
1841,29.0
1842,29.0
1843,19.0
1844,21.0
1845,21.0
1846,18.0
1847,31.0
1848,31.0
1849,21.0
1850,22.0
1851,20.0
1852,18.0
1853,18.0
1854,22.0
1855,20.0
1856,22.0
1857,27.0
1858,29.0
1859,20.0
1860,31.0
1861,34.0
1862,23.0
1863,13.0
1864,25.0
1865,23.0
1866,24.0
1867,32.0
1868,29.0
1869,24.0
1870,22.0
1871,16.0
1872,27.0
1873,22.0
1874,21.0
1875,21.0
1876,30.0
1877,29.0
1878,21.0
1879,31.0
1880,16.0
1881,21.0
1882,30.0
1883,32.0
1884,25.0
1885,26.0
1886,26.0
1887,18.0
1888,24.0
1889,21.0
1890,18.0
1891,20.0
1892,16.0
1893,21.0
1894,21.0
1895,22.0
1896,27.0
1897,23.0
1898,25.0
1899,15.0
1900,24.0
1901,19.0
1902,20.0
1903,26.0
1904,21.0
1905,23.0
1906,13.0
1907,30.0
1908,19.0
1909,26.0
1910,27.0
1911,31.0
1912,22.0
1913,23.0
1914,21.0
1915,21.0
1916,31.0
1917,38.0
1918,20.0
1919,20.0
1920,21.0
1921,30.0
1922,26.0
1923,27.0
1924,16.0
1925,28.0
1926,22.0
1927,34.0
1928,20.0
1929,29.0
1930,27.0
1931,24.0
1932,27.0
1933,31.0
1934,19.0
1935,18.0
1936,34.0
1937,25.0
1938,22.0
1939,23.0
1940,15.0
1941,26.0
1942,20.0
1943,43.0
1944,20.0
1945,24.0
1946,21.0
1947,23.0
1948,24.0
1949,31.0
1950,22.0
1951,28.0
1952,18.0
1953,20.0
1954,16.0
1955,18.0
1956,24.0
1957,30.0
1958,20.0
1959,19.0
1960,16.0
1961,14.0
1962,29.0
1963,27.0
1964,20.0
1965,19.0
1966,23.0
1967,22.0
1968,29.0
1969,21.0
1970,24.0
1971,28.0
1972,29.0
1973,33.0
1974,11.0
1975,23.0
1976,30.0
1977,26.0
1978,28.0
1979,17.0
1980,31.0
1981,27.0
1982,20.0
1983,29.0
1984,31.0
1985,32.0
1986,29.0
1987,27.0
1988,30.0
1989,41.0
1990,15.0
1991,19.0
1992,15.0
1993,33.0
1994,27.0
1995,26.0
1996,12.0
1997,22.0
1998,22.0
1999,22.0
2000,30.0
2001,32.0
2002,21.0
2003,12.0
2004,30.0
2005,21.0
2006,33.0
2007,24.0
2008,33.0
2009,20.0
2010,31.0
2011,25.0
2012,32.0
2013,21.0
2014,18.0
2015,27.0
2016,21.0
2017,32.0
2018,24.0
2019,23.0
2020,29.0
2021,28.0
2022,20.0
2023,30.0
2024,18.0
2025,31.0
2026,21.0
2027,27.0
2028,27.0
2029,19.0
2030,32.0
2031,25.0
2032,29.0
2033,30.0
2034,26.0
2035,29.0
2036,30.0
2037,17.0
2038,17.0
2039,22.0
2040,33.0
2041,22.0
2042,30.0
2043,16.0
2044,18.0
2045,33.0
2046,27.0
2047,26.0
2048,22.0
2049,31.0
2050,23.0
2051,32.0
2052,31.0
2053,32.0
2054,29.0
2055,26.0
2056,21.0
2057,20.0
2058,27.0
2059,32.0
2060,27.0
2061,15.0
2062,28.0
2063,20.0
2064,26.0
2065,23.0
2066,22.0
2067,15.0
2068,25.0
2069,33.0
2070,11.0
2071,18.0
2072,26.0
2073,22.0
2074,38.0
2075,30.0
2076,23.0
2077,31.0
2078,21.0
2079,21.0
2080,28.0
2081,22.0
2082,26.0
2083,24.0
2084,22.0
2085,26.0
2086,22.0
2087,27.0
2088,31.0
2089,24.0
2090,33.0
2091,23.0
2092,21.0
2093,29.0
2094,21.0
2095,28.0
2096,19.0
2097,31.0
2098,18.0
2099,21.0
2100,22.0
2101,28.0
2102,16.0
2103,31.0
2104,29.0
2105,44.0
2106,22.0
2107,22.0
2108,22.0
2109,29.0
2110,26.0
2111,22.0
2112,32.0
2113,20.0
2114,26.0
2115,31.0
2116,29.0
2117,26.0
2118,26.0
2119,25.0
2120,18.0
2121,35.0
2122,29.0
2123,19.0
2124,38.0
2125,32.0
2126,23.0
2127,31.0
2128,24.0
2129,26.0
2130,30.0
2131,32.0
2132,26.0
2133,34.0
2134,17.0
2135,22.0
2136,31.0
2137,22.0
2138,31.0
2139,40.0
2140,30.0
2141,22.0
2142,26.0
2143,20.0
2144,32.0
2145,28.0
2146,21.0
2147,21.0
2148,51.0
2149,30.0
2150,18.0
2151,22.0
2152,29.0
2153,22.0
2154,23.0
2155,33.0
2156,34.0
2157,26.0
2158,31.0
2159,22.0
2160,30.0
2161,35.0
2162,25.0
2163,31.0
2164,44.0
2165,24.0
2166,33.0
2167,31.0
2168,34.0
2169,31.0
2170,26.0
2171,31.0
2172,29.0
2173,27.0
2174,17.0
2175,25.0
2176,27.0
2177,22.0
2178,32.0
2179,45.0
2180,31.0
2181,28.0
2182,32.0
2183,32.0
2184,31.0
2185,30.0
2186,25.0
2187,30.0
2188,30.0
2189,24.0
2190,23.0
2191,30.0
2192,20.0
2193,31.0
2194,32.0
2195,26.0
2196,28.0
2197,30.0
2198,26.0
2199,30.0
2200,25.0
2201,25.0
2202,34.0
2203,30.0
2204,26.0
2205,27.0
2206,31.0
2207,52.0
2208,26.0
2209,30.0
2210,46.0
2211,30.0
2212,30.0
2213,32.0
2214,28.0
2215,31.0
2216,32.0
2217,21.0
2218,42.0
2219,33.0
2220,29.0
2221,15.0
2222,29.0
2223,25.0
2224,30.0
2225,29.0
2226,29.0
2227,31.0
2228,26.0
2229,25.0
2230,23.0
2231,22.0
2232,32.0
2233,30.0
2234,25.0
2235,30.0
2236,30.0
2237,31.0
2238,37.0
2239,22.0
2240,20.0
2241,31.0
2242,22.0
2243,28.0
2244,21.0
2245,24.0
2246,25.0
2247,24.0
2248,28.0
2249,33.0
2250,31.0
2251,24.0
2252,30.0
2253,28.0
2254,30.0
2255,31.0
2256,33.0
2257,31.0
2258,23.0
2259,22.0
2260,36.0
2261,22.0
2262,30.0
2263,31.0
2264,14.0
2265,29.0
2266,27.0
2267,22.0
2268,32.0
2269,21.0
2270,33.0
2271,31.0
2272,29.0
2273,27.0
2274,15.0
2275,25.0
2276,29.0
2277,30.0
2278,28.0
2279,16.0
2280,34.0
2281,31.0
2282,33.0
2283,27.0
2284,29.0
2285,28.0
2286,29.0
2287,33.0
2288,23.0
2289,31.0
2290,29.0
2291,27.0
2292,30.0
2293,19.0
2294,25.0
2295,33.0
2296,24.0
2297,30.0
2298,30.0
2299,30.0
2300,29.0
2301,28.0
2302,31.0
2303,24.0
2304,23.0
2305,29.0
2306,28.0
2307,31.0
2308,33.0
2309,20.0
2310,21.0
2311,27.0
2312,19.0
2313,33.0
2314,32.0
2315,22.0
2316,32.0
2317,30.0
2318,26.0
2319,25.0
2320,38.0
2321,24.0
2322,39.0
2323,31.0
2324,29.0
2325,27.0
2326,26.0
2327,30.0
2328,27.0
2329,32.0
2330,28.0
2331,30.0
2332,22.0
2333,38.0
2334,30.0
2335,34.0
2336,22.0
2337,32.0
2338,27.0
2339,32.0
2340,21.0
2341,29.0
2342,21.0
2343,27.0
2344,30.0
2345,33.0
2346,27.0
2347,25.0
2348,26.0
2349,31.0
2350,31.0
2351,22.0
2352,26.0
2353,25.0
2354,29.0
2355,24.0
2356,27.0
2357,33.0
2358,43.0
2359,29.0
2360,28.0
2361,29.0
2362,28.0
2363,24.0
2364,23.0
2365,28.0
2366,25.0
2367,17.0
2368,32.0
2369,15.0
2370,22.0
2371,30.0
2372,26.0
2373,30.0
2374,31.0
2375,33.0
2376,29.0
2377,30.0
2378,29.0
2379,23.0
2380,34.0
2381,32.0
2382,34.0
2383,29.0
2384,27.0
2385,31.0
2386,32.0
2387,18.0
2388,32.0
2389,37.0
2390,31.0
2391,26.0
2392,34.0
2393,20.0
2394,27.0
2395,32.0
2396,30.0
2397,31.0
2398,27.0
2399,31.0
2400,21.0
2401,32.0
2402,30.0
2403,28.0
2404,27.0
2405,31.0
2406,31.0
2407,31.0
2408,21.0
2409,31.0
2410,29.0
2411,28.0
2412,27.0
2413,32.0
2414,27.0
2415,30.0
2416,28.0
2417,31.0
2418,22.0
2419,28.0
2420,30.0
2421,32.0
2422,31.0
2423,30.0
2424,28.0
2425,26.0
2426,23.0
2427,19.0
2428,29.0
2429,27.0
2430,29.0
2431,26.0
2432,30.0
2433,31.0
2434,24.0
2435,33.0
2436,17.0
2437,29.0
2438,27.0
2439,31.0
2440,29.0
2441,32.0
2442,20.0
2443,22.0
2444,32.0
2445,34.0
2446,32.0
2447,31.0
2448,31.0
2449,26.0
2450,20.0
2451,31.0
2452,29.0
2453,32.0
2454,30.0
2455,28.0
2456,29.0
2457,31.0
2458,29.0
2459,33.0
2460,28.0
2461,32.0
2462,28.0
2463,32.0
2464,29.0
2465,18.0
2466,30.0
2467,30.0
2468,33.0
2469,30.0
2470,18.0
2471,31.0
2472,26.0
2473,33.0
2474,32.0
2475,28.0
2476,38.0
2477,23.0
2478,30.0
2479,32.0
2480,30.0
2481,30.0
2482,30.0
2483,31.0
2484,30.0
2485,31.0
2486,32.0
2487,32.0
2488,28.0
2489,37.0
2490,22.0
2491,25.0
2492,23.0
2493,33.0
2494,29.0
2495,28.0
2496,28.0
2497,31.0
2498,32.0
2499,30.0
2500,27.0
2501,30.0
2502,27.0
2503,23.0
2504,28.0
2505,25.0
2506,29.0
2507,30.0
2508,31.0
2509,27.0
2510,29.0
2511,29.0
2512,33.0
2513,30.0
2514,28.0
2515,30.0
2516,31.0
2517,33.0
2518,32.0
2519,29.0
2520,28.0
2521,29.0
2522,25.0
2523,30.0
2524,29.0
2525,26.0
2526,30.0
2527,27.0
2528,33.0
2529,21.0
2530,32.0
2531,29.0
2532,32.0
2533,30.0
2534,33.0
2535,30.0
2536,29.0
2537,33.0
2538,30.0
2539,30.0
2540,31.0
2541,31.0
2542,25.0
2543,30.0
2544,26.0
2545,33.0
2546,28.0
2547,30.0
2548,32.0
2549,27.0
2550,30.0
2551,29.0
2552,18.0
2553,26.0
2554,29.0
2555,22.0
2556,28.0
2557,32.0
2558,29.0
2559,29.0
2560,23.0
2561,27.0
2562,31.0
2563,31.0
2564,30.0
2565,30.0
2566,31.0
2567,18.0
2568,51.0
2569,39.0
2570,29.0
2571,26.0
2572,24.0
2573,27.0
2574,26.0
2575,31.0
2576,34.0
2577,31.0
2578,34.0
2579,30.0
2580,29.0
2581,49.0
2582,21.0
2583,25.0
2584,30.0
2585,31.0
2586,28.0
2587,29.0
2588,32.0
2589,34.0
2590,32.0
2591,34.0
2592,31.0
2593,29.0
2594,43.0
2595,24.0
2596,31.0
2597,28.0
2598,33.0
2599,28.0
2600,31.0
2601,20.0
2602,41.0
2603,32.0
2604,30.0
2605,30.0
2606,40.0
2607,30.0
2608,34.0
2609,31.0
2610,26.0
2611,33.0
2612,31.0
2613,24.0
2614,30.0
2615,39.0
2616,30.0
2617,31.0
2618,19.0
2619,33.0
2620,29.0
2621,33.0
2622,31.0
2623,32.0
2624,29.0
2625,31.0
2626,32.0
2627,30.0
2628,28.0
2629,33.0
2630,32.0
2631,33.0
2632,24.0
2633,34.0
2634,29.0
2635,31.0
2636,25.0
2637,29.0
2638,33.0
2639,35.0
2640,29.0
2641,23.0
2642,36.0
2643,32.0
2644,31.0
2645,26.0
2646,28.0
2647,31.0
2648,18.0
2649,35.0
2650,22.0
2651,24.0
2652,27.0
2653,47.0
2654,31.0
2655,24.0
2656,31.0
2657,29.0
2658,32.0
2659,32.0
2660,30.0
2661,32.0
2662,33.0
2663,45.0
2664,49.0
2665,30.0
2666,31.0
2667,33.0
2668,27.0
2669,31.0
2670,33.0
2671,30.0
2672,30.0
2673,32.0
2674,31.0
2675,42.0
2676,29.0
2677,28.0
2678,30.0
2679,22.0
2680,28.0
2681,30.0
2682,33.0
2683,29.0
2684,31.0
2685,32.0
2686,31.0
2687,37.0
2688,62.0
2689,31.0
2690,23.0
2691,31.0
2692,29.0
2693,31.0
2694,33.0
2695,33.0
2696,28.0
2697,33.0
2698,50.0
2699,34.0
2700,30.0
2701,24.0
2702,33.0
2703,46.0
2704,31.0
2705,32.0
2706,26.0
2707,29.0
2708,34.0
2709,19.0
2710,27.0
2711,32.0
2712,23.0
2713,33.0
2714,32.0
2715,32.0
2716,24.0
2717,30.0
2718,31.0
2719,31.0
2720,22.0
2721,30.0
2722,31.0
2723,30.0
2724,29.0
2725,31.0
2726,33.0
2727,31.0
2728,28.0
2729,31.0
2730,27.0
2731,32.0
2732,19.0
2733,50.0
2734,54.0
2735,32.0
2736,28.0
2737,31.0
2738,24.0
2739,30.0
2740,22.0
2741,30.0
2742,32.0
2743,32.0
2744,22.0
2745,32.0
2746,30.0
2747,32.0
2748,31.0
2749,28.0
2750,50.0
2751,47.0
2752,29.0
2753,30.0
2754,29.0
2755,29.0
2756,28.0
2757,31.0
2758,34.0
2759,43.0
2760,27.0
2761,30.0
2762,52.0
2763,29.0
2764,31.0
2765,27.0
2766,33.0
2767,34.0
2768,28.0
2769,32.0
2770,17.0
2771,23.0
2772,26.0
2773,34.0
2774,31.0
2775,34.0
2776,32.0
2777,29.0
2778,27.0
2779,30.0
2780,28.0
2781,31.0
2782,32.0
2783,33.0
2784,29.0
2785,31.0
2786,34.0
2787,33.0
2788,22.0
2789,39.0
2790,28.0
2791,31.0
2792,31.0
2793,24.0
2794,33.0
2795,32.0
2796,31.0
2797,27.0
2798,41.0
2799,33.0
2800,31.0
2801,28.0
2802,31.0
2803,26.0
2804,39.0
2805,31.0
2806,32.0
2807,30.0
2808,32.0
2809,30.0
2810,34.0
2811,31.0
2812,33.0
2813,32.0
2814,31.0
2815,26.0
2816,31.0
2817,34.0
2818,21.0
2819,31.0
2820,34.0
2821,29.0
2822,35.0
2823,25.0
2824,27.0
2825,31.0
2826,28.0
2827,21.0
2828,30.0
2829,34.0
2830,29.0
2831,27.0
2832,29.0
2833,35.0
2834,30.0
2835,25.0
2836,30.0
2837,35.0
2838,32.0
2839,33.0
2840,31.0
2841,30.0
2842,31.0
2843,38.0
2844,27.0
2845,30.0
2846,23.0
2847,32.0
2848,39.0
2849,31.0
2850,29.0
2851,31.0
2852,32.0
2853,31.0
2854,32.0
2855,33.0
2856,34.0
2857,46.0
2858,45.0
2859,26.0
2860,32.0
2861,30.0
2862,31.0
2863,50.0
2864,30.0
2865,21.0
2866,29.0
2867,53.0
2868,32.0
2869,29.0
2870,32.0
2871,26.0
2872,30.0
2873,29.0
2874,31.0
2875,22.0
2876,33.0
2877,31.0
2878,27.0
2879,58.0
2880,24.0
2881,30.0
2882,33.0
2883,29.0
2884,29.0
2885,33.0
2886,31.0
2887,31.0
2888,30.0
2889,56.0
2890,31.0
2891,29.0
2892,28.0
2893,33.0
2894,25.0
2895,29.0
2896,29.0
2897,31.0
2898,27.0
2899,27.0
2900,28.0
2901,21.0
2902,33.0
2903,31.0
2904,28.0
2905,30.0
2906,63.0
2907,52.0
2908,33.0
2909,26.0
2910,32.0
2911,51.0
2912,43.0
2913,33.0
2914,30.0
2915,31.0
2916,33.0
2917,31.0
2918,32.0
2919,29.0
2920,32.0
2921,32.0
2922,41.0
2923,20.0
2924,58.0
2925,21.0
2926,30.0
2927,31.0
2928,32.0
2929,27.0
2930,34.0
2931,32.0
2932,32.0
2933,32.0
2934,32.0
2935,30.0
2936,91.0
2937,30.0
2938,33.0
2939,32.0
2940,26.0
2941,29.0
2942,33.0
2943,34.0
2944,31.0
2945,52.0
2946,41.0
2947,45.0
2948,32.0
2949,32.0
2950,32.0
2951,31.0
2952,24.0
2953,31.0
2954,32.0
2955,30.0
2956,49.0
2957,25.0
2958,33.0
2959,33.0
2960,32.0
2961,28.0
2962,30.0
2963,33.0
2964,30.0
2965,55.0
2966,33.0
2967,28.0
2968,33.0
2969,29.0
2970,33.0
2971,28.0
2972,31.0
2973,29.0
2974,39.0
2975,58.0
2976,29.0
2977,32.0
2978,54.0
2979,34.0
2980,32.0
2981,29.0
2982,34.0
2983,40.0
2984,36.0
2985,27.0
2986,29.0
2987,33.0
2988,34.0
2989,29.0
2990,29.0
2991,30.0
2992,31.0
2993,34.0
2994,26.0
2995,32.0
2996,30.0
2997,31.0
2998,32.0
2999,34.0
3000,21.0
3001,32.0
3002,24.0
3003,33.0
3004,30.0
3005,29.0
3006,32.0
3007,50.0
3008,25.0
3009,41.0
3010,32.0
3011,34.0
3012,28.0
3013,54.0
3014,32.0
3015,33.0
3016,45.0
3017,32.0
3018,30.0
3019,32.0
3020,32.0
3021,50.0
3022,31.0
3023,26.0
3024,30.0
3025,33.0
3026,34.0
3027,29.0
3028,51.0
3029,53.0
3030,16.0
3031,33.0
3032,25.0
3033,66.0
3034,30.0
3035,31.0
3036,29.0
3037,34.0
3038,31.0
3039,33.0
3040,40.0
3041,56.0
3042,32.0
3043,31.0
3044,59.0
3045,30.0
3046,34.0
3047,56.0
3048,33.0
3049,64.0
3050,30.0
3051,34.0
3052,39.0
3053,29.0
3054,29.0
3055,17.0
3056,33.0
3057,46.0
3058,32.0
3059,45.0
3060,29.0
3061,49.0
3062,25.0
3063,32.0
3064,54.0
3065,31.0
3066,31.0
3067,28.0
3068,48.0
3069,31.0
3070,29.0
3071,44.0
3072,30.0
3073,62.0
3074,30.0
3075,31.0
3076,34.0
3077,33.0
3078,26.0
3079,31.0
3080,22.0
3081,30.0
3082,42.0
3083,32.0
3084,22.0
3085,32.0
3086,58.0
3087,32.0
3088,57.0
3089,33.0
3090,31.0
3091,30.0
3092,31.0
3093,31.0
3094,32.0
3095,30.0
3096,18.0
3097,29.0
3098,33.0
3099,19.0
3100,59.0
3101,29.0
3102,34.0
3103,33.0
3104,54.0
3105,32.0
3106,35.0
3107,56.0
3108,27.0
3109,24.0
3110,56.0
3111,54.0
3112,39.0
3113,32.0
3114,33.0
3115,33.0
3116,32.0
3117,29.0
3118,33.0
3119,24.0
3120,28.0
3121,32.0
3122,32.0
3123,31.0
3124,32.0
3125,31.0
3126,46.0
3127,32.0
3128,29.0
3129,29.0
3130,31.0
3131,30.0
3132,30.0
3133,30.0
3134,34.0
3135,33.0
3136,19.0
3137,31.0
3138,32.0
3139,32.0
3140,29.0
3141,27.0
3142,68.0
3143,29.0
3144,45.0
3145,27.0
3146,29.0
3147,49.0
3148,31.0
3149,33.0
3150,32.0
3151,27.0
3152,32.0
3153,34.0
3154,32.0
3155,33.0
3156,23.0
3157,34.0
3158,19.0
3159,54.0
3160,54.0
3161,32.0
3162,32.0
3163,52.0
3164,56.0
3165,27.0
3166,31.0
3167,32.0
3168,31.0
3169,31.0
3170,22.0
3171,31.0
3172,26.0
3173,33.0
3174,44.0
3175,30.0
3176,32.0
3177,27.0
3178,33.0
3179,32.0
3180,42.0
3181,65.0
3182,45.0
3183,32.0
3184,31.0
3185,29.0
3186,33.0
3187,30.0
3188,50.0
3189,30.0
3190,29.0
3191,33.0
3192,30.0
3193,29.0
3194,54.0
3195,30.0
3196,30.0
3197,30.0
3198,31.0
3199,31.0
3200,33.0
3201,29.0
3202,30.0
3203,20.0
3204,51.0
3205,50.0
3206,32.0
3207,29.0
3208,23.0
3209,31.0
3210,33.0
3211,30.0
3212,31.0
3213,33.0
3214,31.0
3215,32.0
3216,27.0
3217,32.0
3218,44.0
3219,31.0
3220,32.0
3221,33.0
3222,34.0
3223,27.0
3224,31.0
3225,31.0
3226,35.0
3227,32.0
3228,32.0
3229,31.0
3230,32.0
3231,30.0
3232,31.0
3233,32.0
3234,32.0
3235,33.0
3236,32.0
3237,31.0
3238,33.0
3239,41.0
3240,31.0
3241,30.0
3242,25.0
3243,34.0
3244,33.0
3245,28.0
3246,32.0
3247,33.0
3248,49.0
3249,29.0
3250,23.0
3251,34.0
3252,38.0
3253,63.0
3254,30.0
3255,46.0
3256,22.0
3257,32.0
3258,30.0
3259,31.0
3260,32.0
3261,55.0
3262,32.0
3263,31.0
3264,31.0
3265,52.0
3266,33.0
3267,31.0
3268,27.0
3269,31.0
3270,33.0
3271,31.0
3272,32.0
3273,35.0
3274,32.0
3275,31.0
3276,22.0
3277,32.0
3278,32.0
3279,43.0
3280,31.0
3281,31.0
3282,26.0
3283,30.0
3284,33.0
3285,32.0
3286,31.0
3287,42.0
3288,31.0
3289,51.0
3290,26.0
3291,32.0
3292,33.0
3293,31.0
3294,30.0
3295,26.0
3296,33.0
3297,30.0
3298,44.0
3299,55.0
3300,51.0
3301,29.0
3302,31.0
3303,34.0
3304,54.0
3305,33.0
3306,33.0
3307,56.0
3308,34.0
3309,32.0
3310,31.0
3311,34.0
3312,32.0
3313,32.0
3314,20.0
3315,31.0
3316,35.0
3317,34.0
3318,24.0
3319,67.0
3320,58.0
3321,34.0
3322,54.0
3323,56.0
3324,33.0
3325,51.0
3326,33.0
3327,31.0
3328,32.0
3329,40.0
3330,32.0
3331,30.0
3332,23.0
3333,34.0
3334,48.0
3335,29.0
3336,33.0
3337,29.0
3338,33.0
3339,29.0
3340,32.0
3341,28.0
3342,31.0
3343,31.0
3344,27.0
3345,49.0
3346,30.0
3347,33.0
3348,30.0
3349,28.0
3350,31.0
3351,32.0
3352,31.0
3353,33.0
3354,29.0
3355,31.0
3356,35.0
3357,21.0
3358,31.0
3359,62.0
3360,32.0
3361,55.0
3362,34.0
3363,44.0
3364,31.0
3365,31.0
3366,47.0
3367,62.0
3368,30.0
3369,50.0
3370,21.0
3371,28.0
3372,68.0
3373,26.0
3374,32.0
3375,20.0
3376,31.0
3377,30.0
3378,30.0
3379,31.0
3380,28.0
3381,28.0
3382,30.0
3383,57.0
3384,32.0
3385,33.0
3386,31.0
3387,30.0
3388,32.0
3389,34.0
3390,33.0
3391,23.0
3392,35.0
3393,54.0
3394,59.0
3395,59.0
3396,31.0
3397,33.0
3398,31.0
3399,50.0
3400,33.0
3401,26.0
3402,30.0
3403,33.0
3404,21.0
3405,32.0
3406,33.0
3407,54.0
3408,29.0
3409,64.0
3410,31.0
3411,33.0
3412,30.0
3413,32.0
3414,32.0
3415,32.0
3416,48.0
3417,33.0
3418,32.0
3419,33.0
3420,48.0
3421,29.0
3422,49.0
3423,33.0
3424,29.0
3425,32.0
3426,34.0
3427,34.0
3428,31.0
3429,33.0
3430,29.0
3431,32.0
3432,47.0
3433,30.0
3434,33.0
3435,55.0
3436,32.0
3437,33.0
3438,30.0
3439,33.0
3440,34.0
3441,32.0
3442,32.0
3443,31.0
3444,25.0
3445,28.0
3446,32.0
3447,32.0
3448,30.0
3449,33.0
3450,32.0
3451,35.0
3452,33.0
3453,30.0
3454,57.0
3455,31.0
3456,30.0
3457,31.0
3458,33.0
3459,32.0
3460,63.0
3461,27.0
3462,31.0
3463,32.0
3464,34.0
3465,29.0
3466,34.0
3467,18.0
3468,31.0
3469,23.0
3470,29.0
3471,20.0
3472,19.0
3473,32.0
3474,32.0
3475,27.0
3476,32.0
3477,55.0
3478,54.0
3479,32.0
3480,29.0
3481,30.0
3482,33.0
3483,29.0
3484,30.0
3485,33.0
3486,52.0
3487,30.0
3488,32.0
3489,31.0
3490,33.0
3491,34.0
3492,31.0
3493,32.0
3494,59.0
3495,32.0
3496,67.0
3497,34.0
3498,33.0
3499,32.0
3500,34.0
3501,32.0
3502,27.0
3503,33.0
3504,33.0
3505,31.0
3506,34.0
3507,60.0
3508,46.0
3509,27.0
3510,31.0
3511,31.0
3512,33.0
3513,32.0
3514,33.0
3515,32.0
3516,31.0
3517,33.0
3518,31.0
3519,30.0
3520,63.0
3521,33.0
3522,34.0
3523,32.0
3524,33.0
3525,28.0
3526,32.0
3527,30.0
3528,32.0
3529,30.0
3530,64.0
3531,33.0
3532,35.0
3533,31.0
3534,27.0
3535,27.0
3536,33.0
3537,30.0
3538,30.0
3539,47.0
3540,32.0
3541,29.0
3542,32.0
3543,60.0
3544,33.0
3545,31.0
3546,31.0
3547,30.0
3548,55.0
3549,32.0
3550,42.0
3551,30.0
3552,32.0
3553,33.0
3554,32.0
3555,32.0
3556,26.0
3557,32.0
3558,33.0
3559,32.0
3560,32.0
3561,24.0
3562,30.0
3563,53.0
3564,31.0
3565,33.0
3566,32.0
3567,33.0
3568,24.0
3569,32.0
3570,20.0
3571,28.0
3572,31.0
3573,29.0
3574,52.0
3575,32.0
3576,35.0
3577,31.0
3578,56.0
3579,32.0
3580,32.0
3581,33.0
3582,9.0
3583,32.0
3584,30.0
3585,51.0
3586,31.0
3587,16.0
3588,32.0
3589,32.0
3590,31.0
3591,33.0
3592,64.0
3593,54.0
3594,34.0
3595,30.0
3596,30.0
3597,33.0
3598,34.0
3599,34.0
3600,31.0
3601,33.0
3602,23.0
3603,30.0
3604,31.0
3605,31.0
3606,37.0
3607,31.0
3608,33.0
3609,33.0
3610,33.0
3611,41.0
3612,31.0
3613,27.0
3614,49.0
3615,32.0
3616,63.0
3617,34.0
3618,32.0
3619,31.0
3620,58.0
3621,61.0
3622,48.0
3623,25.0
3624,52.0
3625,32.0
3626,33.0
3627,33.0
3628,31.0
3629,22.0
3630,27.0
3631,29.0
3632,34.0
3633,28.0
3634,33.0
3635,35.0
3636,21.0
3637,31.0
3638,22.0
3639,32.0
3640,59.0
3641,32.0
3642,52.0
3643,34.0
3644,31.0
3645,31.0
3646,32.0
3647,61.0
3648,32.0
3649,26.0
3650,35.0
3651,32.0
3652,32.0
3653,34.0
3654,33.0
3655,31.0
3656,33.0
3657,31.0
3658,33.0
3659,32.0
3660,22.0
3661,34.0
3662,52.0
3663,64.0
3664,34.0
3665,34.0
3666,31.0
3667,33.0
3668,32.0
3669,30.0
3670,30.0
3671,33.0
3672,31.0
3673,32.0
3674,32.0
3675,31.0
3676,30.0
3677,63.0
3678,21.0
3679,31.0
3680,33.0
3681,31.0
3682,60.0
3683,31.0
3684,31.0
3685,31.0
3686,34.0
3687,30.0
3688,40.0
3689,52.0
3690,51.0
3691,45.0
3692,42.0
3693,33.0
3694,32.0
3695,32.0
3696,30.0
3697,21.0
3698,30.0
3699,32.0
3700,55.0
3701,19.0
3702,21.0
3703,34.0
3704,32.0
3705,44.0
3706,33.0
3707,32.0
3708,32.0
3709,33.0
3710,33.0
3711,45.0
3712,32.0
3713,37.0
3714,24.0
3715,33.0
3716,31.0
3717,33.0
3718,30.0
3719,30.0
3720,28.0
3721,34.0
3722,24.0
3723,33.0
3724,33.0
3725,32.0
3726,29.0
3727,34.0
3728,34.0
3729,32.0
3730,56.0
3731,32.0
3732,32.0
3733,33.0
3734,32.0
3735,31.0
3736,31.0
3737,23.0
3738,34.0
3739,33.0
3740,47.0
3741,48.0
3742,31.0
3743,31.0
3744,32.0
3745,31.0
3746,29.0
3747,33.0
3748,32.0
3749,33.0
3750,32.0
3751,33.0
3752,32.0
3753,33.0
3754,30.0
3755,32.0
3756,52.0
3757,61.0
3758,24.0
3759,31.0
3760,57.0
3761,31.0
3762,32.0
3763,31.0
3764,30.0
3765,34.0
3766,33.0
3767,33.0
3768,29.0
3769,31.0
3770,29.0
3771,33.0
3772,68.0
3773,44.0
3774,28.0
3775,55.0
3776,26.0
3777,50.0
3778,33.0
3779,26.0
3780,32.0
3781,30.0
3782,65.0
3783,32.0
3784,55.0
3785,55.0
3786,31.0
3787,27.0
3788,33.0
3789,34.0
3790,56.0
3791,28.0
3792,31.0
3793,58.0
3794,32.0
3795,40.0
3796,56.0
3797,32.0
3798,31.0
3799,33.0
3800,33.0
3801,31.0
3802,32.0
3803,33.0
3804,30.0
3805,32.0
3806,34.0
3807,61.0
3808,57.0
3809,30.0
3810,31.0
3811,27.0
3812,29.0
3813,34.0
3814,64.0
3815,32.0
3816,32.0
3817,31.0
3818,34.0
3819,33.0
3820,34.0
3821,56.0
3822,61.0
3823,54.0
3824,55.0
3825,33.0
3826,45.0
3827,32.0
3828,28.0
3829,25.0
3830,31.0
3831,62.0
3832,32.0
3833,34.0
3834,33.0
3835,32.0
3836,56.0
3837,32.0
3838,33.0
3839,31.0
3840,31.0
3841,62.0
3842,30.0
3843,57.0
3844,34.0
3845,24.0
3846,34.0
3847,30.0
3848,33.0
3849,54.0
3850,31.0
3851,61.0
3852,34.0
3853,32.0
3854,26.0
3855,32.0
3856,22.0
3857,67.0
3858,34.0
3859,32.0
3860,33.0
3861,33.0
3862,32.0
3863,30.0
3864,33.0
3865,33.0
3866,29.0
3867,33.0
3868,30.0
3869,46.0
3870,32.0
3871,34.0
3872,26.0
3873,44.0
3874,34.0
3875,32.0
3876,33.0
3877,57.0
3878,30.0
3879,22.0
3880,32.0
3881,33.0
3882,31.0
3883,31.0
3884,29.0
3885,32.0
3886,31.0
3887,34.0
3888,32.0
3889,32.0
3890,33.0
3891,32.0
3892,31.0
3893,38.0
3894,32.0
3895,22.0
3896,33.0
3897,32.0
3898,47.0
3899,31.0
3900,30.0
3901,34.0
3902,30.0
3903,33.0
3904,31.0
3905,54.0
3906,19.0
3907,25.0
3908,57.0
3909,35.0
3910,52.0
3911,34.0
3912,31.0
3913,31.0
3914,35.0
3915,31.0
3916,34.0
3917,33.0
3918,32.0
3919,31.0
3920,25.0
3921,32.0
3922,32.0
3923,32.0
3924,34.0
3925,26.0
3926,29.0
3927,33.0
3928,47.0
3929,45.0
3930,19.0
3931,32.0
3932,28.0
3933,33.0
3934,35.0
3935,54.0
3936,30.0
3937,32.0
3938,32.0
3939,45.0
3940,31.0
3941,31.0
3942,27.0
3943,35.0
3944,29.0
3945,47.0
3946,31.0
3947,57.0
3948,66.0
3949,30.0
3950,34.0
3951,33.0
3952,34.0
3953,32.0
3954,31.0
3955,32.0
3956,30.0
3957,29.0
3958,31.0
3959,29.0
3960,32.0
3961,33.0
3962,32.0
3963,41.0
3964,33.0
3965,32.0
3966,32.0
3967,26.0
3968,13.0
3969,32.0
3970,33.0
3971,27.0
3972,51.0
3973,32.0
3974,63.0
3975,33.0
3976,33.0
3977,57.0
3978,53.0
3979,33.0
3980,32.0
3981,58.0
3982,28.0
3983,30.0
3984,30.0
3985,32.0
3986,33.0
3987,31.0
3988,34.0
3989,27.0
3990,21.0
3991,31.0
3992,29.0
3993,24.0
3994,32.0
3995,33.0
3996,32.0
3997,31.0
3998,27.0
3999,54.0
4000,64.0
4001,34.0
4002,34.0
4003,34.0
4004,34.0
4005,29.0
4006,33.0
4007,31.0
4008,29.0
4009,30.0
4010,23.0
4011,30.0
4012,33.0
4013,31.0
4014,32.0
4015,31.0
4016,32.0
4017,31.0
4018,33.0
4019,32.0
4020,33.0
4021,34.0
4022,34.0
4023,31.0
4024,29.0
4025,25.0
4026,33.0
4027,34.0
4028,33.0
4029,32.0
4030,32.0
4031,31.0
4032,54.0
4033,33.0
4034,32.0
4035,31.0
4036,39.0
4037,34.0
4038,32.0
4039,33.0
4040,53.0
4041,33.0
4042,26.0
4043,32.0
4044,31.0
4045,31.0
4046,34.0
4047,33.0
4048,29.0
4049,33.0
4050,29.0
4051,33.0
4052,31.0
4053,54.0
4054,32.0
4055,33.0
4056,68.0
4057,29.0
4058,32.0
4059,59.0
4060,32.0
4061,32.0
4062,31.0
4063,30.0
4064,20.0
4065,20.0
4066,54.0
4067,32.0
4068,32.0
4069,62.0
4070,31.0
4071,34.0
4072,31.0
4073,34.0
4074,30.0
4075,30.0
4076,44.0
4077,31.0
4078,31.0
4079,31.0
4080,54.0
4081,32.0
4082,32.0
4083,31.0
4084,29.0
4085,31.0
4086,30.0
4087,33.0
4088,52.0
4089,32.0
4090,24.0
4091,31.0
4092,33.0
4093,32.0
4094,31.0
4095,30.0
4096,24.0
4097,32.0
4098,35.0
4099,54.0
4100,34.0
4101,32.0
4102,31.0
4103,32.0
4104,30.0
4105,31.0
4106,37.0
4107,34.0
4108,34.0
4109,32.0
4110,30.0
4111,32.0
4112,58.0
4113,33.0
4114,30.0
4115,34.0
4116,31.0
4117,29.0
4118,30.0
4119,31.0
4120,35.0
4121,32.0
4122,34.0
4123,33.0
4124,33.0
4125,28.0
4126,33.0
4127,66.0
4128,34.0
4129,30.0
4130,28.0
4131,34.0
4132,19.0
4133,28.0
4134,31.0
4135,34.0
4136,30.0
4137,55.0
4138,33.0
4139,34.0
4140,34.0
4141,22.0
4142,34.0
4143,32.0
4144,30.0
4145,31.0
4146,32.0
4147,68.0
4148,54.0
4149,32.0
4150,28.0
4151,31.0
4152,29.0
4153,33.0
4154,28.0
4155,31.0
4156,68.0
4157,33.0
4158,30.0
4159,32.0
4160,28.0
4161,33.0
4162,28.0
4163,33.0
4164,30.0
4165,44.0
4166,33.0
4167,34.0
4168,32.0
4169,32.0
4170,33.0
4171,39.0
4172,33.0
4173,30.0
4174,31.0
4175,22.0
4176,32.0
4177,25.0
4178,32.0
4179,58.0
4180,32.0
4181,31.0
4182,58.0
4183,66.0
4184,29.0
4185,34.0
4186,22.0
4187,68.0
4188,31.0
4189,51.0
4190,32.0
4191,30.0
4192,32.0
4193,30.0
4194,30.0
4195,34.0
4196,32.0
4197,32.0
4198,33.0
4199,65.0
4200,33.0
4201,31.0
4202,66.0
4203,33.0
4204,52.0
4205,32.0
4206,34.0
4207,33.0
4208,32.0
4209,28.0
4210,30.0
4211,32.0
4212,22.0
4213,56.0
4214,33.0
4215,32.0
4216,28.0
4217,31.0
4218,22.0
4219,31.0
4220,34.0
4221,34.0
4222,49.0
4223,50.0
4224,33.0
4225,31.0
4226,62.0
4227,34.0
4228,50.0
4229,35.0
4230,33.0
4231,33.0
4232,49.0
4233,32.0
4234,25.0
4235,52.0
4236,32.0
4237,30.0
4238,32.0
4239,57.0
4240,33.0
4241,31.0
4242,24.0
4243,34.0
4244,68.0
4245,32.0
4246,57.0
4247,31.0
4248,32.0
4249,31.0
4250,60.0
4251,23.0
4252,34.0
4253,33.0
4254,32.0
4255,33.0
4256,31.0
4257,28.0
4258,33.0
4259,31.0
4260,45.0
4261,33.0
4262,31.0
4263,30.0
4264,33.0
4265,32.0
4266,31.0
4267,49.0
4268,34.0
4269,31.0
4270,32.0
4271,25.0
4272,51.0
4273,34.0
4274,54.0
4275,29.0
4276,25.0
4277,34.0
4278,30.0
4279,34.0
4280,32.0
4281,32.0
4282,51.0
4283,34.0
4284,32.0
4285,31.0
4286,30.0
4287,32.0
4288,39.0
4289,31.0
4290,34.0
4291,33.0
4292,33.0
4293,32.0
4294,69.0
4295,60.0
4296,34.0
4297,31.0
4298,56.0
4299,33.0
4300,33.0
4301,32.0
4302,33.0
4303,33.0
4304,31.0
4305,30.0
4306,31.0
4307,34.0
4308,27.0
4309,47.0
4310,31.0
4311,33.0
4312,29.0
4313,30.0
4314,33.0
4315,32.0
4316,50.0
4317,30.0
4318,32.0
4319,62.0
4320,33.0
4321,34.0
4322,34.0
4323,33.0
4324,51.0
4325,63.0
4326,29.0
4327,32.0
4328,32.0
4329,30.0
4330,34.0
4331,37.0
4332,28.0
4333,53.0
4334,31.0
4335,33.0
4336,32.0
4337,32.0
4338,31.0
4339,32.0
4340,32.0
4341,28.0
4342,61.0
4343,32.0
4344,65.0
4345,39.0
4346,27.0
4347,34.0
4348,33.0
4349,53.0
4350,30.0
4351,32.0
4352,32.0
4353,30.0
4354,56.0
4355,50.0
4356,31.0
4357,32.0
4358,31.0
4359,32.0
4360,32.0
4361,30.0
4362,32.0
4363,32.0
4364,31.0
4365,20.0
4366,31.0
4367,31.0
4368,33.0
4369,33.0
4370,33.0
4371,32.0
4372,52.0
4373,20.0
4374,31.0
4375,32.0
4376,24.0
4377,23.0
4378,34.0
4379,33.0
4380,33.0
4381,30.0
4382,33.0
4383,30.0
4384,68.0
4385,26.0
4386,31.0
4387,26.0
4388,57.0
4389,32.0
4390,32.0
4391,34.0
4392,33.0
4393,31.0
4394,61.0
4395,33.0
4396,34.0
4397,34.0
4398,59.0
4399,33.0
4400,34.0
4401,32.0
4402,34.0
4403,33.0
4404,34.0
4405,31.0
4406,24.0
4407,31.0
4408,35.0
4409,66.0
4410,34.0
4411,49.0
4412,27.0
4413,30.0
4414,33.0
4415,30.0
4416,51.0
4417,32.0
4418,31.0
4419,31.0
4420,30.0
4421,34.0
4422,26.0
4423,32.0
4424,32.0
4425,30.0
4426,31.0
4427,34.0
4428,33.0
4429,33.0
4430,52.0
4431,30.0
4432,26.0
4433,60.0
4434,65.0
4435,28.0
4436,31.0
4437,50.0
4438,31.0
4439,32.0
4440,32.0
4441,48.0
4442,33.0
4443,34.0
4444,69.0
4445,31.0
4446,30.0
4447,31.0
4448,31.0
4449,30.0
4450,64.0
4451,54.0
4452,34.0
4453,27.0
4454,34.0
4455,32.0
4456,32.0
4457,32.0
4458,33.0
4459,60.0
4460,62.0
4461,24.0
4462,34.0
4463,32.0
4464,54.0
4465,34.0
4466,68.0
4467,56.0
4468,29.0
4469,32.0
4470,32.0
4471,38.0
4472,30.0
4473,34.0
4474,32.0
4475,31.0
4476,31.0
4477,35.0
4478,27.0
4479,31.0
4480,32.0
4481,33.0
4482,34.0
4483,34.0
4484,34.0
4485,32.0
4486,33.0
4487,30.0
4488,34.0
4489,33.0
4490,32.0
4491,35.0
4492,31.0
4493,57.0
4494,56.0
4495,34.0
4496,31.0
4497,52.0
4498,31.0
4499,67.0
4500,30.0
4501,33.0
4502,32.0
4503,31.0
4504,32.0
4505,32.0
4506,31.0
4507,62.0
4508,61.0
4509,31.0
4510,30.0
4511,28.0
4512,36.0
4513,62.0
4514,33.0
4515,31.0
4516,32.0
4517,51.0
4518,60.0
4519,66.0
4520,57.0
4521,31.0
4522,62.0
4523,51.0
4524,53.0
4525,30.0
4526,31.0
4527,58.0
4528,58.0
4529,57.0
4530,27.0
4531,32.0
4532,40.0
4533,31.0
4534,32.0
4535,32.0
4536,66.0
4537,30.0
4538,25.0
4539,68.0
4540,31.0
4541,31.0
4542,31.0
4543,31.0
4544,31.0
4545,32.0
4546,34.0
4547,22.0
4548,32.0
4549,24.0
4550,31.0
4551,32.0
4552,30.0
4553,31.0
4554,25.0
4555,33.0
4556,32.0
4557,61.0
4558,33.0
4559,31.0
4560,31.0
4561,32.0
4562,24.0
4563,33.0
4564,33.0
4565,32.0
4566,30.0
4567,30.0
4568,29.0
4569,32.0
4570,51.0
4571,57.0
4572,33.0
4573,27.0
4574,32.0
4575,32.0
4576,38.0
4577,30.0
4578,31.0
4579,31.0
4580,32.0
4581,32.0
4582,33.0
4583,31.0
4584,49.0
4585,29.0
4586,30.0
4587,30.0
4588,32.0
4589,23.0
4590,51.0
4591,31.0
4592,33.0
4593,32.0
4594,34.0
4595,32.0
4596,30.0
4597,32.0
4598,67.0
4599,33.0
4600,34.0
4601,33.0
4602,34.0
4603,31.0
4604,32.0
4605,34.0
4606,62.0
4607,51.0
4608,32.0
4609,55.0
4610,33.0
4611,36.0
4612,55.0
4613,69.0
4614,48.0
4615,34.0
4616,33.0
4617,33.0
4618,31.0
4619,35.0
4620,32.0
4621,34.0
4622,31.0
4623,33.0
4624,32.0
4625,34.0
4626,66.0
4627,31.0
4628,48.0
4629,23.0
4630,31.0
4631,49.0
4632,34.0
4633,56.0
4634,33.0
4635,54.0
4636,33.0
4637,28.0
4638,26.0
4639,34.0
4640,57.0
4641,32.0
4642,56.0
4643,63.0
4644,34.0
4645,32.0
4646,66.0
4647,34.0
4648,32.0
4649,32.0
4650,31.0
4651,34.0
4652,33.0
4653,33.0
4654,28.0
4655,28.0
4656,31.0
4657,32.0
4658,30.0
4659,31.0
4660,22.0
4661,34.0
4662,30.0
4663,53.0
4664,60.0
4665,34.0
4666,33.0
4667,35.0
4668,32.0
4669,60.0
4670,33.0
4671,40.0
4672,32.0
4673,31.0
4674,32.0
4675,34.0
4676,33.0
4677,30.0
4678,32.0
4679,34.0
4680,32.0
4681,33.0
4682,54.0
4683,35.0
4684,33.0
4685,29.0
4686,61.0
4687,33.0
4688,43.0
4689,56.0
4690,33.0
4691,48.0
4692,47.0
4693,31.0
4694,33.0
4695,26.0
4696,32.0
4697,32.0
4698,33.0
4699,32.0
4700,33.0
4701,68.0
4702,56.0
4703,31.0
4704,31.0
4705,55.0
4706,32.0
4707,53.0
4708,32.0
4709,59.0
4710,32.0
4711,65.0
4712,32.0
4713,33.0
4714,64.0
4715,33.0
4716,32.0
4717,28.0
4718,32.0
4719,30.0
4720,33.0
4721,32.0
4722,55.0
4723,33.0
4724,52.0
4725,31.0
4726,32.0
4727,31.0
4728,32.0
4729,32.0
4730,32.0
4731,31.0
4732,32.0
4733,32.0
4734,33.0
4735,34.0
4736,33.0
4737,32.0
4738,55.0
4739,35.0
4740,32.0
4741,33.0
4742,33.0
4743,57.0
4744,31.0
4745,34.0
4746,34.0
4747,32.0
4748,30.0
4749,32.0
4750,31.0
4751,61.0
4752,22.0
4753,34.0
4754,32.0
4755,31.0
4756,63.0
4757,33.0
4758,34.0
4759,34.0
4760,34.0
4761,24.0
4762,32.0
4763,32.0
4764,69.0
4765,34.0
4766,32.0
4767,33.0
4768,34.0
4769,63.0
4770,32.0
4771,65.0
4772,32.0
4773,32.0
4774,33.0
4775,64.0
4776,58.0
4777,55.0
4778,32.0
4779,52.0
4780,32.0
4781,23.0
4782,65.0
4783,31.0
4784,32.0
4785,31.0
4786,31.0
4787,32.0
4788,68.0
4789,34.0
4790,61.0
4791,58.0
4792,32.0
4793,32.0
4794,56.0
4795,32.0
4796,33.0
4797,54.0
4798,55.0
4799,81.0
4800,32.0
4801,32.0
4802,34.0
4803,32.0
4804,33.0
4805,35.0
4806,60.0
4807,33.0
4808,28.0
4809,34.0
4810,33.0
4811,68.0
4812,65.0
4813,33.0
4814,32.0
4815,31.0
4816,22.0
4817,35.0
4818,50.0
4819,32.0
4820,28.0
4821,43.0
4822,32.0
4823,70.0
4824,56.0
4825,33.0
4826,60.0
4827,34.0
4828,63.0
4829,27.0
4830,33.0
4831,66.0
4832,26.0
4833,32.0
4834,62.0
4835,30.0
4836,31.0
4837,33.0
4838,63.0
4839,30.0
4840,32.0
4841,61.0
4842,66.0
4843,32.0
4844,33.0
4845,31.0
4846,51.0
4847,27.0
4848,32.0
4849,32.0
4850,33.0
4851,33.0
4852,59.0
4853,30.0
4854,43.0
4855,32.0
4856,51.0
4857,32.0
4858,31.0
4859,30.0
4860,33.0
4861,20.0
4862,34.0
4863,26.0
4864,32.0
4865,32.0
4866,52.0
4867,64.0
4868,32.0
4869,32.0
4870,35.0
4871,66.0
4872,32.0
4873,22.0
4874,57.0
4875,42.0
4876,33.0
4877,29.0
4878,34.0
4879,34.0
4880,63.0
4881,33.0
4882,61.0
4883,33.0
4884,67.0
4885,33.0
4886,35.0
4887,29.0
4888,32.0
4889,34.0
4890,61.0
4891,34.0
4892,65.0
4893,64.0
4894,69.0
4895,66.0
4896,68.0
4897,34.0
4898,31.0
4899,28.0
4900,31.0
4901,33.0
4902,22.0
4903,32.0
4904,33.0
4905,65.0
4906,32.0
4907,34.0
4908,23.0
4909,32.0
4910,31.0
4911,34.0
4912,32.0
4913,32.0
4914,63.0
4915,33.0
4916,31.0
4917,32.0
4918,32.0
4919,33.0
4920,26.0
4921,33.0
4922,57.0
4923,34.0
4924,32.0
4925,27.0
4926,34.0
4927,61.0
4928,31.0
4929,33.0
4930,31.0
4931,31.0
4932,34.0
4933,63.0
4934,33.0
4935,33.0
4936,49.0
4937,60.0
4938,32.0
4939,66.0
4940,31.0
4941,55.0
4942,47.0
4943,31.0
4944,55.0
4945,34.0
4946,47.0
4947,63.0
4948,32.0
4949,32.0
4950,35.0
4951,33.0
4952,51.0
4953,32.0
4954,34.0
4955,33.0
4956,67.0
4957,32.0
4958,31.0
4959,33.0
4960,32.0
4961,33.0
4962,31.0
4963,66.0
4964,32.0
4965,31.0
4966,32.0
4967,30.0
4968,30.0
4969,32.0
4970,31.0
4971,32.0
4972,34.0
4973,32.0
4974,30.0
4975,45.0
4976,33.0
4977,35.0
4978,31.0
4979,34.0
4980,50.0
4981,34.0
4982,52.0
4983,32.0
4984,20.0
4985,56.0
4986,62.0
4987,40.0
4988,52.0
4989,34.0
4990,32.0
4991,32.0
4992,31.0
4993,55.0
4994,24.0
4995,31.0
4996,64.0
4997,31.0
4998,32.0
4999,43.0
5000,34.0
5001,32.0
5002,49.0
5003,96.0
5004,34.0
5005,28.0
5006,33.0
5007,32.0
5008,32.0
5009,31.0
5010,31.0
5011,22.0
5012,34.0
5013,52.0
5014,54.0
5015,59.0
5016,62.0
5017,33.0
5018,53.0
5019,33.0
5020,23.0
5021,33.0
5022,32.0
5023,31.0
5024,68.0
5025,30.0
5026,68.0
5027,34.0
5028,29.0
5029,65.0
5030,67.0
5031,55.0
5032,28.0
5033,64.0
5034,33.0
5035,31.0
5036,33.0
5037,33.0
5038,54.0
5039,32.0
5040,32.0
5041,33.0
5042,32.0
5043,56.0
5044,31.0
5045,33.0
5046,31.0
5047,34.0
5048,33.0
5049,33.0
5050,29.0
5051,34.0
5052,32.0
5053,30.0
5054,48.0
5055,31.0
5056,22.0
5057,28.0
5058,33.0
5059,34.0
5060,56.0
5061,33.0
5062,33.0
5063,71.0
5064,32.0
5065,32.0
5066,30.0
5067,31.0
5068,30.0
5069,32.0
5070,30.0
5071,54.0
5072,35.0
5073,54.0
5074,32.0
5075,34.0
5076,32.0
5077,32.0
5078,33.0
5079,50.0
5080,63.0
5081,31.0
5082,59.0
5083,29.0
5084,33.0
5085,34.0
5086,34.0
5087,34.0
5088,70.0
5089,34.0
5090,34.0
5091,33.0
5092,34.0
5093,31.0
5094,31.0
5095,32.0
5096,62.0
5097,33.0
5098,33.0
5099,31.0
5100,35.0
5101,23.0
5102,66.0
5103,34.0
5104,32.0
5105,19.0
5106,53.0
5107,53.0
5108,32.0
5109,49.0
5110,33.0
5111,62.0
5112,67.0
5113,68.0
5114,32.0
5115,67.0
5116,29.0
5117,31.0
5118,31.0
5119,32.0
5120,32.0
5121,32.0
5122,31.0
5123,33.0
5124,33.0
5125,54.0
5126,32.0
5127,32.0
5128,29.0
5129,67.0
5130,31.0
5131,31.0
5132,102.0
5133,33.0
5134,34.0
5135,32.0
5136,34.0
5137,33.0
5138,34.0
5139,33.0
5140,54.0
5141,97.0
5142,33.0
5143,33.0
5144,31.0
5145,32.0
5146,29.0
5147,56.0
5148,57.0
5149,31.0
5150,51.0
5151,32.0
5152,33.0
5153,47.0
5154,63.0
5155,31.0
5156,34.0
5157,32.0
5158,32.0
5159,56.0
5160,55.0
5161,23.0
5162,28.0
5163,27.0
5164,51.0
5165,79.0
5166,32.0
5167,33.0
5168,32.0
5169,31.0
5170,29.0
5171,58.0
5172,32.0
5173,34.0
5174,32.0
5175,32.0
5176,51.0
5177,33.0
5178,32.0
5179,28.0
5180,31.0
5181,55.0
5182,67.0
5183,32.0
5184,61.0
5185,33.0
5186,29.0
5187,51.0
5188,32.0
5189,28.0
5190,34.0
5191,32.0
5192,54.0
5193,32.0
5194,31.0
5195,32.0
5196,32.0
5197,69.0
5198,46.0
5199,30.0
5200,32.0
5201,58.0
5202,32.0
5203,32.0
5204,30.0
5205,32.0
5206,69.0
5207,30.0
5208,32.0
5209,32.0
5210,32.0
5211,33.0
5212,32.0
5213,73.0
5214,31.0
5215,31.0
5216,57.0
5217,29.0
5218,61.0
5219,71.0
5220,33.0
5221,32.0
5222,31.0
5223,67.0
5224,34.0
5225,34.0
5226,32.0
5227,30.0
5228,24.0
5229,30.0
5230,33.0
5231,30.0
5232,25.0
5233,31.0
5234,34.0
5235,34.0
5236,32.0
5237,32.0
5238,33.0
5239,56.0
5240,34.0
5241,33.0
5242,65.0
5243,34.0
5244,32.0
5245,70.0
5246,32.0
5247,32.0
5248,33.0
5249,29.0
5250,32.0
5251,34.0
5252,29.0
5253,20.0
5254,25.0
5255,30.0
5256,32.0
5257,34.0
5258,30.0
5259,68.0
5260,52.0
5261,31.0
5262,32.0
5263,27.0
5264,30.0
5265,88.0
5266,26.0
5267,52.0
5268,34.0
5269,32.0
5270,32.0
5271,31.0
5272,32.0
5273,32.0
5274,69.0
5275,32.0
5276,32.0
5277,33.0
5278,31.0
5279,32.0
5280,25.0
5281,32.0
5282,32.0
5283,34.0
5284,32.0
5285,31.0
5286,32.0
5287,32.0
5288,32.0
5289,67.0
5290,66.0
5291,31.0
5292,33.0
5293,55.0
5294,33.0
5295,31.0
5296,30.0
5297,38.0
5298,34.0
5299,31.0
5300,67.0
5301,33.0
5302,29.0
5303,34.0
5304,31.0
5305,32.0
5306,32.0
5307,30.0
5308,31.0
5309,57.0
5310,32.0
5311,31.0
5312,27.0
5313,34.0
5314,33.0
5315,43.0
5316,49.0
5317,32.0
5318,33.0
5319,58.0
5320,32.0
5321,32.0
5322,31.0
5323,34.0
5324,32.0
5325,32.0
5326,34.0
5327,34.0
5328,33.0
5329,33.0
5330,66.0
5331,34.0
5332,59.0
5333,47.0
5334,63.0
5335,31.0
5336,61.0
5337,32.0
5338,31.0
5339,32.0
5340,31.0
5341,54.0
5342,33.0
5343,32.0
5344,32.0
5345,34.0
5346,64.0
5347,31.0
5348,64.0
5349,33.0
5350,45.0
5351,33.0
5352,34.0
5353,33.0
5354,31.0
5355,32.0
5356,47.0
5357,52.0
5358,60.0
5359,32.0
5360,32.0
5361,57.0
5362,31.0
5363,34.0
5364,30.0
5365,33.0
5366,31.0
5367,30.0
5368,55.0
5369,32.0
5370,34.0
5371,33.0
5372,31.0
5373,32.0
5374,53.0
5375,29.0
5376,33.0
5377,27.0
5378,32.0
5379,31.0
5380,32.0
5381,32.0
5382,32.0
5383,32.0
5384,30.0
5385,61.0
5386,66.0
5387,30.0
5388,29.0
5389,32.0
5390,32.0
5391,31.0
5392,33.0
5393,46.0
5394,32.0
5395,32.0
5396,52.0
5397,33.0
5398,33.0
5399,30.0
5400,69.0
5401,33.0
5402,41.0
5403,35.0
5404,32.0
5405,33.0
5406,31.0
5407,31.0
5408,30.0
5409,31.0
5410,33.0
5411,33.0
5412,26.0
5413,34.0
5414,61.0
5415,26.0
5416,34.0
5417,32.0
5418,30.0
5419,29.0
5420,32.0
5421,65.0
5422,33.0
5423,35.0
5424,32.0
5425,32.0
5426,62.0
5427,33.0
5428,33.0
5429,31.0
5430,32.0
5431,31.0
5432,59.0
5433,34.0
5434,29.0
5435,32.0
5436,64.0
5437,33.0
5438,65.0
5439,80.0
5440,34.0
5441,34.0
5442,32.0
5443,33.0
5444,31.0
5445,66.0
5446,31.0
5447,33.0
5448,33.0
5449,31.0
5450,33.0
5451,32.0
5452,67.0
5453,32.0
5454,53.0
5455,62.0
5456,33.0
5457,31.0
5458,69.0
5459,33.0
5460,33.0
5461,33.0
5462,31.0
5463,24.0
5464,66.0
5465,53.0
5466,33.0
5467,56.0
5468,33.0
5469,59.0
5470,33.0
5471,36.0
5472,32.0
5473,93.0
5474,61.0
5475,32.0
5476,33.0
5477,53.0
5478,33.0
5479,59.0
5480,32.0
5481,32.0
5482,32.0
5483,32.0
5484,30.0
5485,26.0
5486,34.0
5487,30.0
5488,21.0
5489,57.0
5490,27.0
5491,33.0
5492,31.0
5493,29.0
5494,33.0
5495,32.0
5496,33.0
5497,33.0
5498,32.0
5499,38.0
5500,82.0
5501,27.0
5502,32.0
5503,33.0
5504,26.0
5505,31.0
5506,55.0
5507,32.0
5508,32.0
5509,105.0
5510,31.0
5511,34.0
5512,32.0
5513,51.0
5514,34.0
5515,32.0
5516,32.0
5517,57.0
5518,63.0
5519,32.0
5520,31.0
5521,32.0
5522,33.0
5523,30.0
5524,32.0
5525,41.0
5526,32.0
5527,32.0
5528,31.0
5529,33.0
5530,60.0
5531,33.0
5532,56.0
5533,66.0
5534,31.0
5535,29.0
5536,30.0
5537,34.0
5538,33.0
5539,85.0
5540,34.0
5541,32.0
5542,26.0
5543,56.0
5544,30.0
5545,32.0
5546,37.0
5547,32.0
5548,57.0
5549,33.0
5550,50.0
5551,31.0
5552,34.0
5553,32.0
5554,32.0
5555,32.0
5556,31.0
5557,61.0
5558,29.0
5559,31.0
5560,30.0
5561,56.0
5562,31.0
5563,31.0
5564,33.0
5565,34.0
5566,32.0
5567,30.0
5568,32.0
5569,30.0
5570,67.0
5571,30.0
5572,31.0
5573,103.0
5574,56.0
5575,30.0
5576,33.0
5577,33.0
5578,32.0
5579,32.0
5580,64.0
5581,57.0
5582,32.0
5583,65.0
5584,33.0
5585,32.0
5586,55.0
5587,29.0
5588,33.0
5589,32.0
5590,31.0
5591,31.0
5592,32.0
5593,31.0
5594,33.0
5595,32.0
5596,32.0
5597,32.0
5598,32.0
5599,33.0
5600,32.0
5601,61.0
5602,45.0
5603,33.0
5604,31.0
5605,33.0
5606,53.0
5607,32.0
5608,32.0
5609,58.0
5610,33.0
5611,33.0
5612,60.0
5613,30.0
5614,63.0
5615,31.0
5616,20.0
5617,31.0
5618,33.0
5619,32.0
5620,34.0
5621,30.0
5622,33.0
5623,49.0
5624,48.0
5625,34.0
5626,34.0
5627,32.0
5628,58.0
5629,34.0
5630,28.0
5631,58.0
5632,34.0
5633,33.0
5634,55.0
5635,33.0
5636,32.0
5637,31.0
5638,33.0
5639,32.0
5640,29.0
5641,33.0
5642,46.0
5643,92.0
5644,35.0
5645,33.0
5646,30.0
5647,34.0
5648,31.0
5649,31.0
5650,68.0
5651,34.0
5652,37.0
5653,33.0
5654,60.0
5655,32.0
5656,32.0
5657,28.0
5658,32.0
5659,33.0
5660,33.0
5661,32.0
5662,32.0
5663,32.0
5664,69.0
5665,52.0
5666,30.0
5667,32.0
5668,58.0
5669,34.0
5670,69.0
5671,33.0
5672,33.0
5673,31.0
5674,33.0
5675,32.0
5676,58.0
5677,65.0
5678,34.0
5679,33.0
5680,32.0
5681,31.0
5682,20.0
5683,31.0
5684,33.0
5685,65.0
5686,32.0
5687,38.0
5688,34.0
5689,60.0
5690,33.0
5691,55.0
5692,65.0
5693,32.0
5694,31.0
5695,30.0
5696,32.0
5697,32.0
5698,26.0
5699,31.0
5700,33.0
5701,32.0
5702,33.0
5703,60.0
5704,32.0
5705,33.0
5706,32.0
5707,33.0
5708,33.0
5709,31.0
5710,32.0
5711,78.0
5712,67.0
5713,32.0
5714,61.0
5715,32.0
5716,29.0
5717,35.0
5718,31.0
5719,68.0
5720,32.0
5721,31.0
5722,33.0
5723,33.0
5724,34.0
5725,25.0
5726,32.0
5727,30.0
5728,31.0
5729,33.0
5730,33.0
5731,34.0
5732,68.0
5733,32.0
5734,33.0
5735,64.0
5736,32.0
5737,32.0
5738,33.0
5739,54.0
5740,31.0
5741,64.0
5742,32.0
5743,31.0
5744,29.0
5745,35.0
5746,56.0
5747,25.0
5748,32.0
5749,56.0
5750,32.0
5751,32.0
5752,32.0
5753,29.0
5754,56.0
5755,34.0
5756,26.0
5757,32.0
5758,32.0
5759,56.0
5760,31.0
5761,23.0
5762,32.0
5763,31.0
5764,30.0
5765,30.0
5766,53.0
5767,32.0
5768,30.0
5769,31.0
5770,33.0
5771,35.0
5772,32.0
5773,32.0
5774,31.0
5775,31.0
5776,32.0
5777,32.0
5778,34.0
5779,68.0
5780,34.0
5781,33.0
5782,29.0
5783,31.0
5784,32.0
5785,58.0
5786,25.0
5787,33.0
5788,32.0
5789,59.0
5790,66.0
5791,32.0
5792,31.0
5793,34.0
5794,30.0
5795,57.0
5796,63.0
5797,33.0
5798,28.0
5799,33.0
5800,67.0
5801,58.0
5802,26.0
5803,38.0
5804,30.0
5805,33.0
5806,32.0
5807,32.0
5808,33.0
5809,56.0
5810,55.0
5811,70.0
5812,31.0
5813,32.0
5814,33.0
5815,28.0
5816,63.0
5817,32.0
5818,30.0
5819,51.0
5820,33.0
5821,30.0
5822,73.0
5823,31.0
5824,32.0
5825,55.0
5826,31.0
5827,67.0
5828,30.0
5829,31.0
5830,31.0
5831,33.0
5832,18.0
5833,34.0
5834,58.0
5835,71.0
5836,34.0
5837,31.0
5838,34.0
5839,29.0
5840,27.0
5841,32.0
5842,29.0
