0,9.0
1,6.0
2,3.0
3,2.0
4,8.0
5,9.0
6,13.0
7,3.0
8,9.0
9,3.0
10,9.0
11,14.0
12,2.0
13,3.0
14,5.0
15,11.0
16,2.0
17,4.0
18,8.0
19,7.0
20,2.0
21,6.0
22,6.0
23,6.0
24,5.0
25,7.0
26,11.0
27,0.0
28,12.0
29,20.0
30,12.0
31,1.0
32,10.0
33,3.0
34,5.0
35,6.0
36,13.0
37,3.0
38,4.0
39,5.0
40,7.0
41,14.0
42,2.0
43,3.0
44,2.0
45,4.0
46,2.0
47,11.0
48,13.0
49,7.0
50,9.0
51,9.0
52,3.0
53,0.0
54,6.0
55,11.0
56,23.0
57,9.0
58,16.0
59,4.0
60,5.0
61,2.0
62,3.0
63,10.0
64,14.0
65,7.0
66,15.0
67,8.0
68,3.0
69,5.0
70,6.0
71,5.0
72,5.0
73,7.0
74,1.0
75,9.0
76,-1.0
77,5.0
78,12.0
79,3.0
80,12.0
81,2.0
82,9.0
83,3.0
84,7.0
85,1.0
86,1.0
87,0.0
88,2.0
89,5.0
90,5.0
91,9.0
92,11.0
93,11.0
94,7.0
95,18.0
96,7.0
97,7.0
98,3.0
99,4.0
100,4.0
101,8.0
102,4.0
103,12.0
104,4.0
105,3.0
106,1.0
107,14.0
108,5.0
109,9.0
110,8.0
111,6.0
112,-1.0
113,8.0
114,-1.0
115,9.0
116,3.0
117,14.0
118,7.0
119,5.0
120,7.0
121,2.0
122,8.0
123,1.0
124,9.0
125,7.0
126,9.0
127,8.0
128,3.0
129,0.0
130,7.0
131,14.0
132,8.0
133,7.0
134,4.0
135,18.0
136,2.0
137,9.0
138,14.0
139,7.0
140,18.0
141,8.0
142,12.0
143,7.0
144,9.0
145,7.0
146,12.0
147,6.0
148,11.0
149,3.0
150,2.0
151,6.0
152,12.0
153,12.0
154,11.0
155,12.0
156,2.0
157,7.0
158,21.0
159,12.0
160,7.0
161,4.0
162,6.0
163,11.0
164,6.0
165,6.0
166,-1.0
167,0.0
168,7.0
169,4.0
170,5.0
171,10.0
172,3.0
173,10.0
174,2.0
175,10.0
176,8.0
177,7.0
178,9.0
179,16.0
180,4.0
181,12.0
182,9.0
183,11.0
184,1.0
185,2.0
186,10.0
187,16.0
188,6.0
189,7.0
190,13.0
191,6.0
192,6.0
193,14.0
194,4.0
195,5.0
196,7.0
197,8.0
198,6.0
199,15.0
200,1.0
201,2.0
202,8.0
203,14.0
204,3.0
205,0.0
206,16.0
207,14.0
208,11.0
209,15.0
210,1.0
211,4.0
212,6.0
213,6.0
214,9.0
215,-2.0
216,16.0
217,10.0
218,5.0
219,19.0
220,7.0
221,8.0
222,2.0
223,8.0
224,16.0
225,10.0
226,3.0
227,14.0
228,12.0
229,6.0
230,3.0
231,2.0
232,8.0
233,6.0
234,18.0
235,0.0
236,6.0
237,4.0
238,10.0
239,2.0
240,2.0
241,3.0
242,8.0
243,16.0
244,7.0
245,9.0
246,11.0
247,6.0
248,8.0
249,2.0
250,21.0
251,7.0
252,5.0
253,7.0
254,13.0
255,6.0
256,10.0
257,5.0
258,6.0
259,17.0
260,5.0
261,1.0
262,3.0
263,18.0
264,3.0
265,7.0
266,3.0
267,13.0
268,6.0
269,1.0
270,1.0
271,3.0
272,3.0
273,15.0
274,19.0
275,4.0
276,8.0
277,2.0
278,22.0
279,8.0
280,2.0
281,7.0
282,6.0
283,8.0
284,13.0
285,11.0
286,9.0
287,3.0
288,2.0
289,5.0
290,4.0
291,3.0
292,7.0
293,5.0
294,4.0
295,15.0
296,3.0
297,5.0
298,1.0
299,14.0
300,2.0
301,7.0
302,3.0
303,6.0
304,5.0
305,8.0
306,4.0
307,17.0
308,5.0
309,6.0
310,5.0
311,3.0
312,13.0
313,13.0
314,16.0
315,6.0
316,4.0
317,19.0
318,11.0
319,4.0
320,11.0
321,14.0
322,4.0
323,17.0
324,17.0
325,4.0
326,4.0
327,0.0
328,14.0
329,5.0
330,5.0
331,13.0
332,5.0
333,8.0
334,4.0
335,14.0
336,4.0
337,12.0
338,9.0
339,13.0
340,14.0
341,20.0
342,3.0
343,3.0
344,22.0
345,1.0
346,5.0
347,5.0
348,2.0
349,9.0
350,7.0
351,-1.0
352,5.0
353,1.0
354,5.0
355,11.0
356,8.0
357,11.0
358,4.0
359,6.0
360,2.0
361,7.0
362,3.0
363,9.0
364,-1.0
365,6.0
366,12.0
367,16.0
368,7.0
369,11.0
370,5.0
371,3.0
372,3.0
373,3.0
374,3.0
375,6.0
376,5.0
377,14.0
378,8.0
379,1.0
380,9.0
381,8.0
382,9.0
383,7.0
384,12.0
385,4.0
386,8.0
387,3.0
388,6.0
389,22.0
390,2.0
391,7.0
392,4.0
393,5.0
394,8.0
395,4.0
396,11.0
397,7.0
398,11.0
399,9.0
400,5.0
401,11.0
402,2.0
403,3.0
404,7.0
405,4.0
406,11.0
407,10.0
408,17.0
409,9.0
410,22.0
411,8.0
412,9.0
413,25.0
414,3.0
415,4.0
416,8.0
417,3.0
418,3.0
419,9.0
420,5.0
421,18.0
422,13.0
423,4.0
424,3.0
425,11.0
426,5.0
427,5.0
428,6.0
429,6.0
430,7.0
431,5.0
432,7.0
433,3.0
434,22.0
435,7.0
436,9.0
437,5.0
438,5.0
439,4.0
440,4.0
441,6.0
442,8.0
443,6.0
444,8.0
445,5.0
446,6.0
447,3.0
448,11.0
449,9.0
450,14.0
451,10.0
452,4.0
453,10.0
454,5.0
455,5.0
456,10.0
457,9.0
458,11.0
459,5.0
460,9.0
461,7.0
462,9.0
463,9.0
464,6.0
465,10.0
466,12.0
467,2.0
468,7.0
469,3.0
470,8.0
471,8.0
472,10.0
473,6.0
474,20.0
475,8.0
476,7.0
477,8.0
478,9.0
479,7.0
480,4.0
481,3.0
482,7.0
483,8.0
484,9.0
485,7.0
486,8.0
487,3.0
488,8.0
489,6.0
490,5.0
491,7.0
492,12.0
493,7.0
494,6.0
495,3.0
496,9.0
497,8.0
498,17.0
499,11.0
500,9.0
501,7.0
502,8.0
503,7.0
504,6.0
505,8.0
506,6.0
507,19.0
508,9.0
509,4.0
510,8.0
511,8.0
512,7.0
513,18.0
514,16.0
515,8.0
516,9.0
517,9.0
518,4.0
519,9.0
520,12.0
521,14.0
522,10.0
523,15.0
524,10.0
525,11.0
526,4.0
527,11.0
528,11.0
529,16.0
530,12.0
531,12.0
532,15.0
533,24.0
534,2.0
535,15.0
536,4.0
537,7.0
538,17.0
539,8.0
540,9.0
541,11.0
542,13.0
543,8.0
544,14.0
545,9.0
546,7.0
547,6.0
548,5.0
549,11.0
550,9.0
551,7.0
552,8.0
553,9.0
554,25.0
555,9.0
556,5.0
557,11.0
558,12.0
559,9.0
560,7.0
561,9.0
562,13.0
563,6.0
564,5.0
565,14.0
566,9.0
567,21.0
568,8.0
569,9.0
570,4.0
571,5.0
572,12.0
573,11.0
574,9.0
575,5.0
576,6.0
577,8.0
578,6.0
579,10.0
580,9.0
581,6.0
582,9.0
583,5.0
584,8.0
585,12.0
586,15.0
587,11.0
588,7.0
589,12.0
590,0.0
591,8.0
592,4.0
593,5.0
594,6.0
595,6.0
596,11.0
597,11.0
598,18.0
599,9.0
600,15.0
601,12.0
602,20.0
603,17.0
604,10.0
605,9.0
606,7.0
607,7.0
608,7.0
609,1.0
610,24.0
611,5.0
612,14.0
613,8.0
614,8.0
615,10.0
616,1.0
617,0.0
618,10.0
619,4.0
620,9.0
621,6.0
622,12.0
623,3.0
624,8.0
625,8.0
626,9.0
627,10.0
628,8.0
629,18.0
630,9.0
631,10.0
632,8.0
633,5.0
634,9.0
635,5.0
636,3.0
637,4.0
638,6.0
639,5.0
640,8.0
641,8.0
642,6.0
643,4.0
644,11.0
645,10.0
646,8.0
647,17.0
648,13.0
649,4.0
650,7.0
651,7.0
652,23.0
653,15.0
654,7.0
655,7.0
656,8.0
657,7.0
658,7.0
659,7.0
660,10.0
661,7.0
662,13.0
663,18.0
664,7.0
665,14.0
666,24.0
667,8.0
668,10.0
669,8.0
670,11.0
671,16.0
672,9.0
673,4.0
674,13.0
675,7.0
676,11.0
677,10.0
678,12.0
679,9.0
680,8.0
681,2.0
682,10.0
683,12.0
684,11.0
685,11.0
686,17.0
687,11.0
688,9.0
689,7.0
690,9.0
691,12.0
692,6.0
693,17.0
694,13.0
695,12.0
696,7.0
697,5.0
698,7.0
699,5.0
700,6.0
701,14.0
702,18.0
703,11.0
704,8.0
705,8.0
706,12.0
707,8.0
708,11.0
709,8.0
710,15.0
711,7.0
712,14.0
713,7.0
714,13.0
715,20.0
716,7.0
717,9.0
718,25.0
719,8.0
720,5.0
721,6.0
722,5.0
723,5.0
724,20.0
725,4.0
726,4.0
727,9.0
728,15.0
729,20.0
730,8.0
731,10.0
732,9.0
733,14.0
734,11.0
735,7.0
736,10.0
737,3.0
738,4.0
739,11.0
740,6.0
741,7.0
742,8.0
743,10.0
744,9.0
745,10.0
746,7.0
747,15.0
748,12.0
749,10.0
750,18.0
751,9.0
752,20.0
753,13.0
754,8.0
755,10.0
756,23.0
757,12.0
758,12.0
759,9.0
760,6.0
761,-1.0
762,7.0
763,16.0
764,11.0
765,15.0
766,6.0
767,9.0
768,9.0
769,10.0
770,6.0
771,8.0
772,13.0
773,9.0
774,10.0
775,10.0
776,18.0
777,11.0
778,16.0
779,10.0
780,5.0
781,10.0
782,9.0
783,15.0
784,12.0
785,7.0
786,15.0
787,3.0
788,18.0
789,7.0
790,7.0
791,9.0
792,13.0
793,11.0
794,13.0
795,9.0
796,12.0
797,10.0
798,6.0
799,10.0
800,6.0
801,10.0
802,11.0
803,12.0
804,13.0
805,13.0
806,12.0
807,18.0
808,10.0
809,8.0
810,10.0
811,8.0
812,13.0
813,17.0
814,6.0
815,17.0
816,13.0
817,10.0
818,7.0
819,10.0
820,8.0
821,7.0
822,9.0
823,18.0
824,5.0
825,18.0
826,14.0
827,10.0
828,9.0
829,12.0
830,10.0
831,12.0
832,11.0
833,12.0
834,14.0
835,20.0
836,23.0
837,9.0
838,10.0
839,11.0
840,24.0
841,10.0
842,10.0
843,9.0
844,7.0
845,24.0
846,13.0
847,32.0
848,11.0
849,19.0
850,14.0
851,11.0
852,12.0
853,9.0
854,23.0
855,10.0
856,10.0
857,9.0
858,18.0
859,10.0
860,10.0
861,9.0
862,5.0
863,20.0
864,8.0
865,17.0
866,17.0
867,12.0
868,12.0
869,10.0
870,18.0
871,25.0
872,14.0
873,15.0
874,9.0
875,9.0
876,20.0
877,18.0
878,11.0
879,16.0
880,12.0
881,12.0
882,15.0
883,16.0
884,10.0
885,9.0
886,13.0
887,11.0
888,14.0
889,13.0
890,13.0
891,21.0
892,22.0
893,15.0
894,9.0
895,21.0
896,13.0
897,16.0
898,5.0
899,10.0
900,12.0
901,14.0
902,9.0
903,19.0
904,4.0
905,10.0
906,9.0
907,7.0
908,11.0
909,17.0
910,6.0
911,14.0
912,18.0
913,14.0
914,4.0
915,17.0
916,21.0
917,18.0
918,9.0
919,22.0
920,19.0
921,14.0
922,22.0
923,4.0
924,19.0
925,14.0
926,23.0
927,27.0
928,15.0
929,17.0
930,8.0
931,16.0
932,20.0
933,12.0
934,17.0
935,8.0
936,13.0
937,15.0
938,11.0
939,16.0
940,19.0
941,9.0
942,13.0
943,9.0
944,13.0
945,16.0
946,13.0
947,23.0
948,13.0
949,17.0
950,3.0
951,15.0
952,19.0
953,16.0
954,14.0
955,8.0
956,14.0
957,16.0
958,11.0
959,13.0
960,12.0
961,14.0
962,14.0
963,14.0
964,13.0
965,14.0
966,15.0
967,15.0
968,9.0
969,12.0
970,9.0
971,11.0
972,10.0
973,15.0
974,13.0
975,16.0
976,21.0
977,9.0
978,15.0
979,30.0
980,16.0
981,18.0
982,19.0
983,15.0
984,9.0
985,10.0
986,16.0
987,13.0
988,12.0
989,20.0
990,3.0
991,29.0
992,20.0
993,13.0
994,15.0
995,8.0
996,18.0
997,3.0
998,24.0
999,11.0
1000,16.0
1001,14.0
1002,16.0
1003,22.0
1004,23.0
1005,14.0
1006,9.0
1007,15.0
1008,14.0
1009,12.0
1010,22.0
1011,6.0
1012,17.0
1013,16.0
1014,21.0
1015,21.0
1016,10.0
1017,14.0
1018,16.0
1019,17.0
1020,17.0
1021,20.0
1022,19.0
1023,5.0
1024,15.0
1025,13.0
1026,17.0
1027,24.0
1028,22.0
1029,32.0
1030,10.0
1031,12.0
1032,9.0
1033,20.0
1034,21.0
1035,30.0
1036,10.0
1037,18.0
1038,18.0
1039,13.0
1040,17.0
1041,14.0
1042,11.0
1043,25.0
1044,6.0
1045,12.0
1046,17.0
1047,14.0
1048,13.0
1049,16.0
1050,14.0
1051,20.0
1052,13.0
1053,25.0
1054,16.0
1055,24.0
1056,22.0
1057,16.0
1058,13.0
1059,30.0
1060,24.0
1061,13.0
1062,20.0
1063,22.0
1064,21.0
1065,27.0
1066,21.0
1067,30.0
1068,14.0
1069,22.0
1070,26.0
1071,18.0
1072,21.0
1073,11.0
1074,11.0
1075,25.0
1076,12.0
1077,10.0
1078,25.0
1079,18.0
1080,13.0
1081,10.0
1082,24.0
1083,20.0
1084,15.0
1085,15.0
1086,13.0
1087,30.0
1088,16.0
1089,24.0
1090,19.0
1091,25.0
1092,16.0
1093,22.0
1094,19.0
1095,22.0
1096,26.0
1097,13.0
1098,31.0
1099,16.0
1100,18.0
1101,15.0
1102,20.0
1103,15.0
1104,18.0
1105,21.0
1106,23.0
1107,18.0
1108,19.0
1109,20.0
1110,11.0
1111,19.0
1112,10.0
1113,12.0
1114,20.0
1115,20.0
1116,16.0
1117,13.0
1118,15.0
1119,11.0
1120,13.0
1121,14.0
1122,18.0
1123,31.0
1124,29.0
1125,16.0
1126,25.0
1127,26.0
1128,20.0
1129,21.0
1130,17.0
1131,17.0
1132,23.0
1133,17.0
1134,18.0
1135,20.0
1136,16.0
1137,21.0
1138,14.0
1139,20.0
1140,9.0
1141,23.0
1142,22.0
1143,15.0
1144,22.0
1145,23.0
1146,17.0
1147,14.0
1148,19.0
1149,16.0
1150,24.0
1151,14.0
1152,3.0
1153,14.0
1154,39.0
1155,18.0
1156,18.0
1157,29.0
1158,26.0
1159,27.0
1160,14.0
1161,20.0
1162,27.0
1163,13.0
1164,14.0
1165,22.0
1166,23.0
1167,21.0
1168,24.0
1169,20.0
1170,11.0
1171,30.0
1172,19.0
1173,12.0
1174,17.0
1175,17.0
1176,14.0
1177,20.0
1178,23.0
1179,15.0
1180,16.0
1181,28.0
1182,20.0
1183,20.0
1184,17.0
1185,19.0
1186,14.0
1187,23.0
1188,17.0
1189,16.0
1190,22.0
1191,17.0
1192,18.0
1193,14.0
1194,17.0
1195,24.0
1196,14.0
1197,18.0
1198,8.0
1199,13.0
1200,9.0
1201,18.0
1202,29.0
1203,16.0
1204,13.0
1205,24.0
1206,29.0
1207,12.0
1208,26.0
1209,18.0
1210,21.0
1211,15.0
1212,14.0
1213,21.0
1214,26.0
1215,15.0
1216,19.0
1217,30.0
1218,13.0
1219,29.0
1220,21.0
1221,14.0
1222,9.0
1223,19.0
1224,17.0
1225,10.0
1226,24.0
1227,14.0
1228,17.0
1229,23.0
1230,17.0
1231,21.0
1232,28.0
1233,13.0
1234,13.0
1235,20.0
1236,26.0
1237,20.0
1238,21.0
1239,24.0
1240,22.0
1241,11.0
1242,16.0
1243,22.0
1244,15.0
1245,19.0
1246,14.0
1247,13.0
1248,23.0
1249,15.0
1250,15.0
1251,14.0
1252,16.0
1253,12.0
1254,22.0
1255,7.0
1256,16.0
1257,18.0
1258,26.0
1259,17.0
1260,22.0
1261,21.0
1262,23.0
1263,17.0
1264,18.0
1265,7.0
1266,30.0
1267,14.0
1268,22.0
1269,19.0
1270,21.0
1271,25.0
1272,14.0
1273,30.0
1274,4.0
1275,22.0
1276,22.0
1277,20.0
1278,14.0
1279,21.0
1280,21.0
1281,16.0
1282,19.0
1283,17.0
1284,16.0
1285,18.0
1286,12.0
1287,17.0
1288,23.0
1289,21.0
1290,23.0
1291,18.0
1292,21.0
1293,22.0
1294,20.0
1295,13.0
1296,23.0
1297,14.0
1298,18.0
1299,19.0
1300,20.0
1301,17.0
1302,18.0
1303,21.0
1304,21.0
1305,30.0
1306,20.0
1307,25.0
1308,22.0
1309,20.0
1310,22.0
1311,13.0
1312,18.0
1313,23.0
1314,9.0
1315,18.0
1316,18.0
1317,19.0
1318,18.0
1319,27.0
1320,14.0
1321,11.0
1322,27.0
1323,11.0
1324,17.0
1325,29.0
1326,27.0
1327,17.0
1328,18.0
1329,17.0
1330,19.0
1331,13.0
1332,19.0
1333,23.0
1334,33.0
1335,25.0
1336,16.0
1337,23.0
1338,13.0
1339,12.0
1340,14.0
1341,15.0
1342,15.0
1343,21.0
1344,24.0
1345,16.0
1346,23.0
1347,20.0
1348,18.0
1349,19.0
1350,14.0
1351,18.0
1352,10.0
1353,23.0
1354,17.0
1355,20.0
1356,11.0
1357,17.0
1358,27.0
1359,21.0
1360,27.0
1361,16.0
1362,14.0
1363,19.0
1364,15.0
1365,18.0
1366,21.0
1367,26.0
1368,38.0
1369,27.0
1370,15.0
1371,17.0
1372,16.0
1373,20.0
1374,10.0
1375,29.0
1376,9.0
1377,23.0
1378,27.0
1379,15.0
1380,23.0
1381,23.0
1382,22.0
1383,25.0
1384,15.0
1385,26.0
1386,8.0
1387,17.0
1388,17.0
1389,15.0
1390,22.0
1391,22.0
1392,22.0
1393,20.0
1394,22.0
1395,22.0
1396,14.0
1397,21.0
1398,20.0
1399,27.0
1400,19.0
1401,18.0
1402,16.0
1403,21.0
1404,23.0
1405,29.0
1406,23.0
1407,28.0
1408,18.0
1409,27.0
1410,27.0
1411,13.0
1412,22.0
1413,14.0
1414,16.0
1415,28.0
1416,23.0
1417,21.0
1418,21.0
1419,24.0
1420,24.0
1421,22.0
1422,24.0
1423,10.0
1424,28.0
1425,18.0
1426,17.0
1427,25.0
1428,16.0
1429,26.0
1430,29.0
1431,22.0
1432,21.0
1433,36.0
1434,31.0
1435,34.0
1436,14.0
1437,23.0
1438,20.0
1439,15.0
1440,31.0
1441,17.0
1442,21.0
1443,23.0
1444,32.0
1445,23.0
1446,17.0
1447,18.0
1448,16.0
1449,14.0
1450,23.0
1451,27.0
1452,14.0
1453,20.0
1454,22.0
1455,29.0
1456,23.0
1457,15.0
1458,19.0
1459,20.0
1460,21.0
1461,16.0
1462,14.0
1463,28.0
1464,20.0
1465,29.0
1466,17.0
1467,13.0
1468,22.0
1469,19.0
1470,29.0
1471,12.0
1472,19.0
1473,23.0
1474,23.0
1475,18.0
1476,13.0
1477,7.0
1478,18.0
1479,31.0
1480,20.0
1481,11.0
1482,24.0
1483,30.0
1484,22.0
1485,22.0
1486,32.0
1487,29.0
1488,23.0
1489,17.0
1490,16.0
1491,20.0
1492,32.0
1493,18.0
1494,9.0
1495,12.0
1496,15.0
1497,30.0
1498,12.0
1499,13.0
1500,18.0
1501,19.0
1502,22.0
1503,29.0
1504,18.0
1505,31.0
1506,25.0
1507,21.0
1508,15.0
1509,20.0
1510,21.0
1511,28.0
1512,19.0
1513,29.0
1514,17.0
1515,18.0
1516,27.0
1517,31.0
1518,18.0
1519,20.0
1520,21.0
1521,23.0
1522,14.0
1523,27.0
1524,26.0
1525,19.0
1526,17.0
1527,19.0
1528,16.0
1529,23.0
1530,25.0
1531,19.0
1532,27.0
1533,13.0
1534,20.0
1535,24.0
1536,24.0
1537,13.0
1538,18.0
1539,33.0
1540,21.0
1541,15.0
1542,27.0
1543,19.0
1544,22.0
1545,25.0
1546,21.0
1547,18.0
1548,22.0
1549,20.0
1550,16.0
1551,21.0
1552,29.0
1553,17.0
1554,14.0
1555,17.0
1556,27.0
1557,22.0
1558,21.0
1559,27.0
1560,26.0
1561,32.0
1562,32.0
1563,14.0
1564,17.0
1565,15.0
1566,19.0
1567,20.0
1568,21.0
1569,25.0
1570,26.0
1571,21.0
1572,20.0
1573,30.0
1574,24.0
1575,19.0
1576,20.0
1577,24.0
1578,17.0
1579,11.0
1580,16.0
1581,29.0
1582,9.0
1583,24.0
1584,14.0
1585,33.0
1586,21.0
1587,34.0
1588,31.0
1589,10.0
1590,17.0
1591,25.0
1592,20.0
1593,18.0
1594,14.0
1595,27.0
1596,23.0
1597,10.0
1598,11.0
1599,33.0
1600,27.0
1601,22.0
1602,14.0
1603,24.0
1604,31.0
1605,16.0
1606,16.0
1607,22.0
1608,21.0
1609,18.0
1610,21.0
1611,16.0
1612,27.0
1613,25.0
1614,28.0
1615,17.0
1616,19.0
1617,34.0
1618,20.0
1619,20.0
1620,27.0
1621,20.0
1622,26.0
1623,18.0
1624,19.0
1625,20.0
1626,31.0
1627,21.0
1628,32.0
1629,31.0
1630,19.0
1631,21.0
1632,15.0
1633,21.0
1634,16.0
1635,26.0
1636,23.0
1637,27.0
1638,24.0
1639,19.0
1640,21.0
1641,25.0
1642,21.0
1643,16.0
1644,23.0
1645,23.0
1646,21.0
1647,24.0
1648,18.0
1649,13.0
1650,17.0
1651,19.0
1652,32.0
1653,23.0
1654,24.0
1655,35.0
1656,24.0
1657,12.0
1658,17.0
1659,26.0
1660,18.0
1661,21.0
1662,20.0
1663,27.0
1664,19.0
1665,31.0
1666,41.0
1667,28.0
1668,19.0
1669,29.0
1670,25.0
1671,29.0
1672,42.0
1673,29.0
1674,23.0
1675,24.0
1676,17.0
1677,32.0
1678,21.0
1679,16.0
1680,17.0
1681,24.0
1682,19.0
1683,29.0
1684,29.0
1685,19.0
1686,22.0
1687,25.0
1688,24.0
1689,26.0
1690,29.0
1691,28.0
1692,24.0
1693,24.0
1694,31.0
1695,21.0
1696,15.0
1697,26.0
1698,23.0
1699,31.0
1700,32.0
1701,27.0
1702,18.0
1703,23.0
1704,28.0
1705,20.0
1706,27.0
1707,21.0
1708,23.0
1709,17.0
1710,19.0
1711,28.0
1712,30.0
1713,30.0
1714,15.0
1715,18.0
1716,32.0
1717,18.0
1718,17.0
1719,24.0
1720,27.0
1721,23.0
1722,19.0
1723,24.0
1724,20.0
1725,23.0
1726,17.0
1727,20.0
1728,15.0
1729,30.0
1730,30.0
1731,28.0
1732,21.0
1733,24.0
1734,28.0
1735,15.0
1736,28.0
1737,16.0
1738,20.0
1739,12.0
1740,24.0
1741,11.0
1742,11.0
1743,15.0
1744,21.0
1745,12.0
1746,20.0
1747,20.0
1748,23.0
1749,18.0
1750,17.0
1751,28.0
1752,19.0
1753,24.0
1754,15.0
1755,30.0
1756,25.0
1757,15.0
1758,13.0
1759,22.0
1760,22.0
1761,27.0
1762,19.0
1763,20.0
1764,30.0
1765,33.0
1766,19.0
1767,14.0
1768,13.0
1769,14.0
1770,21.0
1771,20.0
1772,14.0
1773,24.0
1774,30.0
1775,23.0
1776,28.0
1777,18.0
1778,25.0
1779,24.0
1780,17.0
1781,17.0
1782,26.0
1783,19.0
1784,23.0
1785,15.0
1786,21.0
1787,26.0
1788,16.0
1789,21.0
1790,29.0
1791,26.0
1792,22.0
1793,22.0
1794,16.0
1795,30.0
1796,14.0
1797,21.0
1798,26.0
1799,13.0
1800,21.0
1801,23.0
1802,13.0
1803,20.0
1804,16.0
1805,19.0
1806,18.0
1807,20.0
1808,16.0
1809,26.0
1810,17.0
1811,16.0
1812,13.0
1813,14.0
1814,14.0
1815,17.0
1816,18.0
1817,22.0
1818,15.0
1819,14.0
1820,15.0
1821,18.0
1822,14.0
1823,18.0
1824,25.0
1825,20.0
1826,20.0
1827,15.0
1828,26.0
1829,21.0
1830,22.0
1831,18.0
1832,26.0
1833,18.0
1834,25.0
1835,23.0
1836,13.0
1837,21.0
1838,14.0
1839,19.0
1840,24.0
1841,22.0
1842,8.0
1843,23.0
1844,22.0
1845,26.0
1846,19.0
1847,22.0
1848,18.0
1849,21.0
1850,16.0
1851,25.0
1852,19.0
1853,23.0
1854,27.0
1855,13.0
1856,20.0
1857,17.0
1858,21.0
1859,23.0
1860,21.0
1861,19.0
1862,17.0
1863,21.0
1864,17.0
1865,14.0
1866,16.0
1867,21.0
1868,25.0
1869,11.0
1870,19.0
1871,26.0
1872,27.0
1873,16.0
1874,18.0
1875,12.0
1876,22.0
1877,15.0
1878,18.0
1879,18.0
1880,23.0
1881,17.0
1882,19.0
1883,20.0
1884,14.0
1885,13.0
1886,18.0
1887,17.0
1888,22.0
1889,18.0
1890,16.0
1891,16.0
1892,19.0
1893,24.0
1894,17.0
1895,21.0
1896,27.0
1897,12.0
1898,15.0
1899,18.0
1900,13.0
1901,14.0
1902,13.0
1903,14.0
1904,21.0
1905,17.0
1906,23.0
1907,18.0
1908,16.0
1909,12.0
1910,27.0
1911,4.0
1912,14.0
1913,16.0
1914,21.0
1915,18.0
1916,16.0
1917,27.0
1918,27.0
1919,16.0
1920,20.0
1921,25.0
1922,20.0
1923,11.0
1924,22.0
1925,6.0
1926,21.0
1927,22.0
1928,16.0
1929,30.0
1930,18.0
1931,27.0
1932,22.0
1933,21.0
1934,6.0
1935,17.0
1936,15.0
1937,19.0
1938,19.0
1939,23.0
1940,9.0
1941,16.0
1942,19.0
1943,12.0
1944,18.0
1945,20.0
1946,18.0
1947,21.0
1948,20.0
1949,17.0
1950,22.0
1951,25.0
1952,19.0
1953,19.0
1954,24.0
1955,14.0
1956,26.0
1957,15.0
1958,21.0
1959,17.0
1960,14.0
1961,21.0
1962,17.0
1963,24.0
1964,16.0
1965,15.0
1966,25.0
1967,18.0
1968,19.0
1969,15.0
1970,18.0
1971,21.0
1972,17.0
1973,18.0
1974,19.0
1975,19.0
1976,17.0
1977,16.0
1978,19.0
1979,17.0
1980,25.0
1981,17.0
1982,22.0
1983,28.0
1984,13.0
1985,23.0
1986,25.0
1987,13.0
1988,15.0
1989,25.0
1990,19.0
1991,21.0
1992,18.0
1993,18.0
1994,24.0
1995,19.0
1996,20.0
1997,18.0
1998,21.0
1999,17.0
2000,19.0
2001,16.0
2002,21.0
2003,17.0
2004,16.0
2005,24.0
2006,20.0
2007,20.0
2008,16.0
2009,28.0
2010,18.0
2011,23.0
2012,14.0
2013,20.0
2014,18.0
2015,7.0
2016,27.0
2017,22.0
2018,12.0
2019,16.0
2020,12.0
2021,18.0
2022,32.0
2023,25.0
2024,22.0
2025,17.0
2026,18.0
2027,23.0
2028,19.0
2029,23.0
2030,22.0
2031,17.0
2032,19.0
2033,14.0
2034,18.0
2035,14.0
2036,14.0
2037,22.0
2038,26.0
2039,19.0
2040,28.0
2041,20.0
2042,24.0
2043,22.0
2044,9.0
2045,20.0
2046,17.0
2047,29.0
2048,23.0
2049,22.0
2050,19.0
2051,23.0
2052,28.0
2053,21.0
2054,25.0
2055,22.0
2056,17.0
2057,20.0
2058,19.0
2059,29.0
2060,17.0
2061,21.0
2062,16.0
2063,26.0
2064,20.0
2065,15.0
2066,19.0
2067,22.0
2068,9.0
2069,9.0
2070,17.0
2071,27.0
2072,25.0
2073,16.0
2074,25.0
2075,24.0
2076,19.0
2077,19.0
2078,19.0
2079,38.0
2080,19.0
2081,15.0
2082,19.0
2083,25.0
2084,17.0
2085,14.0
2086,23.0
2087,19.0
2088,20.0
2089,20.0
2090,26.0
2091,15.0
2092,17.0
2093,27.0
2094,22.0
2095,14.0
2096,22.0
2097,15.0
2098,16.0
2099,17.0
2100,28.0
2101,22.0
2102,17.0
2103,17.0
2104,25.0
2105,22.0
2106,10.0
2107,22.0
2108,14.0
2109,18.0
2110,14.0
2111,27.0
2112,16.0
2113,18.0
2114,13.0
2115,19.0
2116,16.0
2117,17.0
2118,18.0
2119,15.0
2120,25.0
2121,19.0
2122,20.0
2123,21.0
2124,30.0
2125,21.0
2126,19.0
2127,25.0
2128,19.0
2129,19.0
2130,22.0
2131,23.0
2132,28.0
2133,23.0
2134,22.0
2135,20.0
2136,18.0
2137,23.0
2138,21.0
2139,25.0
2140,21.0
2141,25.0
2142,26.0
2143,19.0
2144,25.0
2145,16.0
2146,22.0
2147,20.0
2148,17.0
2149,19.0
2150,27.0
2151,22.0
2152,23.0
2153,17.0
2154,28.0
2155,22.0
2156,24.0
2157,27.0
2158,28.0
2159,15.0
2160,20.0
2161,20.0
2162,16.0
2163,21.0
2164,21.0
2165,21.0
2166,32.0
2167,22.0
2168,28.0
2169,31.0
2170,12.0
2171,8.0
2172,21.0
2173,25.0
2174,22.0
2175,24.0
2176,23.0
2177,27.0
2178,20.0
2179,32.0
2180,27.0
2181,23.0
2182,20.0
2183,27.0
2184,21.0
2185,20.0
2186,25.0
2187,18.0
2188,18.0
2189,24.0
2190,19.0
2191,18.0
2192,22.0
2193,19.0
2194,25.0
2195,18.0
2196,28.0
2197,19.0
2198,17.0
2199,25.0
2200,21.0
2201,32.0
2202,34.0
2203,27.0
2204,25.0
2205,22.0
2206,19.0
2207,25.0
2208,32.0
2209,25.0
2210,40.0
2211,30.0
2212,21.0
2213,18.0
2214,30.0
2215,20.0
2216,21.0
2217,30.0
2218,22.0
2219,16.0
2220,20.0
2221,25.0
2222,19.0
2223,27.0
2224,27.0
2225,28.0
2226,17.0
2227,30.0
2228,31.0
2229,32.0
2230,22.0
2231,25.0
2232,24.0
2233,41.0
2234,19.0
2235,12.0
2236,28.0
2237,20.0
2238,24.0
2239,26.0
2240,24.0
2241,30.0
2242,33.0
2243,27.0
2244,18.0
2245,30.0
2246,30.0
2247,30.0
2248,16.0
2249,32.0
2250,22.0
2251,20.0
2252,26.0
2253,25.0
2254,30.0
2255,17.0
2256,31.0
2257,26.0
2258,27.0
2259,16.0
2260,19.0
2261,30.0
2262,26.0
2263,31.0
2264,26.0
2265,28.0
2266,32.0
2267,32.0
2268,18.0
2269,19.0
2270,21.0
2271,19.0
2272,21.0
2273,23.0
2274,28.0
2275,38.0
2276,18.0
2277,22.0
2278,32.0
2279,25.0
2280,28.0
2281,28.0
2282,53.0
2283,32.0
2284,43.0
2285,17.0
2286,42.0
2287,27.0
2288,21.0
2289,20.0
2290,30.0
2291,23.0
2292,33.0
2293,25.0
2294,31.0
2295,23.0
2296,30.0
2297,43.0
2298,28.0
2299,28.0
2300,32.0
2301,23.0
2302,20.0
2303,19.0
2304,32.0
2305,26.0
2306,22.0
2307,18.0
2308,23.0
2309,28.0
2310,30.0
2311,16.0
2312,21.0
2313,46.0
2314,25.0
2315,28.0
2316,33.0
2317,31.0
2318,16.0
2319,25.0
2320,22.0
2321,24.0
2322,23.0
2323,30.0
2324,24.0
2325,30.0
2326,22.0
2327,30.0
2328,33.0
2329,29.0
2330,31.0
2331,20.0
2332,31.0
2333,32.0
2334,18.0
2335,51.0
2336,33.0
2337,34.0
2338,22.0
2339,27.0
2340,19.0
2341,20.0
2342,27.0
2343,20.0
2344,30.0
2345,21.0
2346,15.0
2347,27.0
2348,28.0
2349,23.0
2350,30.0
2351,29.0
2352,26.0
2353,30.0
2354,30.0
2355,27.0
2356,23.0
2357,31.0
2358,29.0
2359,25.0
2360,29.0
2361,32.0
2362,28.0
2363,32.0
2364,27.0
2365,22.0
2366,33.0
2367,32.0
2368,32.0
2369,29.0
2370,20.0
2371,16.0
2372,29.0
2373,37.0
2374,32.0
2375,34.0
2376,30.0
2377,26.0
2378,32.0
2379,30.0
2380,33.0
2381,32.0
2382,24.0
2383,17.0
2384,28.0
2385,30.0
2386,24.0
2387,28.0
2388,31.0
2389,45.0
2390,27.0
2391,17.0
2392,30.0
2393,33.0
2394,30.0
2395,32.0
2396,31.0
2397,31.0
2398,32.0
2399,26.0
2400,31.0
2401,30.0
2402,39.0
2403,32.0
2404,32.0
2405,16.0
2406,33.0
2407,31.0
2408,30.0
2409,31.0
2410,25.0
2411,30.0
2412,23.0
2413,21.0
2414,15.0
2415,34.0
2416,28.0
2417,29.0
2418,33.0
2419,51.0
2420,20.0
2421,33.0
2422,32.0
2423,31.0
2424,25.0
2425,53.0
2426,24.0
2427,18.0
2428,24.0
2429,31.0
2430,22.0
2431,24.0
2432,32.0
2433,22.0
2434,15.0
2435,21.0
2436,27.0
2437,23.0
2438,30.0
2439,22.0
2440,23.0
2441,40.0
2442,24.0
2443,28.0
2444,30.0
2445,33.0
2446,33.0
2447,31.0
2448,33.0
2449,32.0
2450,27.0
2451,26.0
2452,29.0
2453,28.0
2454,42.0
2455,24.0
2456,27.0
2457,30.0
2458,26.0
2459,23.0
2460,42.0
2461,28.0
2462,25.0
2463,28.0
2464,27.0
2465,21.0
2466,27.0
2467,33.0
2468,36.0
2469,29.0
2470,19.0
2471,31.0
2472,38.0
2473,26.0
2474,28.0
2475,20.0
2476,23.0
2477,25.0
2478,22.0
2479,25.0
2480,23.0
2481,27.0
2482,24.0
2483,32.0
2484,37.0
2485,28.0
2486,33.0
2487,27.0
2488,19.0
2489,23.0
2490,28.0
2491,22.0
2492,23.0
2493,37.0
2494,23.0
2495,44.0
2496,28.0
2497,33.0
2498,33.0
2499,29.0
2500,26.0
2501,22.0
2502,31.0
2503,37.0
2504,23.0
2505,23.0
2506,33.0
2507,40.0
2508,28.0
2509,54.0
2510,22.0
2511,24.0
2512,20.0
2513,34.0
2514,31.0
2515,32.0
2516,29.0
2517,32.0
2518,20.0
2519,27.0
2520,23.0
2521,29.0
2522,23.0
2523,26.0
2524,25.0
2525,32.0
2526,33.0
2527,30.0
2528,50.0
2529,24.0
2530,24.0
2531,34.0
2532,30.0
2533,31.0
2534,20.0
2535,22.0
2536,26.0
2537,22.0
2538,27.0
2539,25.0
2540,29.0
2541,32.0
2542,45.0
2543,32.0
2544,20.0
2545,32.0
2546,24.0
2547,29.0
2548,22.0
2549,32.0
2550,32.0
2551,29.0
2552,33.0
2553,24.0
2554,23.0
2555,31.0
2556,29.0
2557,19.0
2558,27.0
2559,22.0
2560,28.0
2561,29.0
2562,20.0
2563,23.0
2564,22.0
2565,29.0
2566,21.0
2567,28.0
2568,27.0
2569,26.0
2570,32.0
2571,32.0
2572,23.0
2573,32.0
2574,24.0
2575,29.0
2576,31.0
2577,20.0
2578,33.0
2579,33.0
2580,32.0
2581,25.0
2582,33.0
2583,33.0
2584,33.0
2585,22.0
2586,43.0
2587,23.0
2588,29.0
2589,32.0
2590,24.0
2591,29.0
2592,33.0
2593,24.0
2594,31.0
2595,33.0
2596,31.0
2597,30.0
2598,30.0
2599,31.0
2600,28.0
2601,47.0
2602,31.0
2603,22.0
2604,21.0
2605,31.0
2606,32.0
2607,23.0
2608,31.0
2609,31.0
2610,26.0
2611,26.0
2612,22.0
2613,19.0
2614,32.0
2615,28.0
2616,31.0
2617,31.0
2618,33.0
2619,28.0
2620,25.0
2621,25.0
2622,29.0
2623,23.0
2624,29.0
2625,27.0
2626,34.0
2627,24.0
2628,33.0
2629,33.0
2630,30.0
2631,27.0
2632,26.0
2633,33.0
2634,25.0
2635,43.0
2636,26.0
2637,32.0
2638,22.0
2639,30.0
2640,30.0
2641,32.0
2642,31.0
2643,29.0
2644,27.0
2645,33.0
2646,25.0
2647,43.0
2648,34.0
2649,32.0
2650,29.0
2651,33.0
2652,29.0
2653,29.0
2654,33.0
2655,22.0
2656,35.0
2657,39.0
2658,29.0
2659,34.0
2660,29.0
2661,25.0
2662,32.0
2663,29.0
2664,28.0
2665,24.0
2666,33.0
2667,36.0
2668,32.0
2669,48.0
2670,31.0
2671,32.0
2672,22.0
2673,29.0
2674,30.0
2675,31.0
2676,26.0
2677,40.0
2678,24.0
2679,25.0
2680,38.0
2681,26.0
2682,32.0
2683,31.0
2684,28.0
2685,29.0
2686,33.0
2687,63.0
2688,26.0
2689,29.0
2690,33.0
2691,30.0
2692,23.0
2693,29.0
2694,24.0
2695,28.0
2696,17.0
2697,31.0
2698,23.0
2699,24.0
2700,29.0
2701,66.0
2702,31.0
2703,28.0
2704,28.0
2705,34.0
2706,25.0
2707,29.0
2708,50.0
2709,25.0
2710,29.0
2711,27.0
2712,26.0
2713,30.0
2714,26.0
2715,24.0
2716,29.0
2717,21.0
2718,24.0
2719,29.0
2720,24.0
2721,27.0
2722,25.0
2723,23.0
2724,31.0
2725,32.0
2726,31.0
2727,24.0
2728,31.0
2729,30.0
2730,21.0
2731,33.0
2732,27.0
2733,30.0
2734,29.0
2735,32.0
2736,51.0
2737,27.0
2738,18.0
2739,35.0
2740,29.0
2741,29.0
2742,30.0
2743,28.0
2744,32.0
2745,37.0
2746,31.0
2747,27.0
2748,30.0
2749,29.0
2750,29.0
2751,15.0
2752,59.0
2753,26.0
2754,33.0
2755,29.0
2756,38.0
2757,26.0
2758,32.0
2759,32.0
2760,27.0
2761,31.0
2762,26.0
2763,24.0
2764,22.0
2765,29.0
2766,32.0
2767,31.0
2768,25.0
2769,26.0
2770,31.0
2771,31.0
2772,30.0
2773,31.0
2774,32.0
2775,31.0
2776,31.0
2777,25.0
2778,31.0
2779,32.0
2780,26.0
2781,27.0
2782,19.0
2783,33.0
2784,20.0
2785,28.0
2786,31.0
2787,27.0
2788,19.0
2789,24.0
2790,28.0
2791,26.0
2792,32.0
2793,31.0
2794,29.0
2795,29.0
2796,31.0
2797,28.0
2798,29.0
2799,31.0
2800,29.0
2801,31.0
2802,26.0
2803,32.0
2804,31.0
2805,41.0
2806,21.0
2807,32.0
2808,22.0
2809,30.0
2810,31.0
2811,29.0
2812,17.0
2813,25.0
2814,31.0
2815,32.0
2816,28.0
2817,30.0
2818,31.0
2819,32.0
2820,33.0
2821,12.0
2822,28.0
2823,27.0
2824,28.0
2825,33.0
2826,26.0
2827,27.0
2828,24.0
2829,27.0
2830,30.0
2831,30.0
2832,33.0
2833,30.0
2834,32.0
2835,34.0
2836,32.0
2837,31.0
2838,27.0
2839,28.0
2840,31.0
2841,26.0
2842,33.0
2843,44.0
2844,21.0
2845,31.0
2846,32.0
2847,29.0
2848,32.0
2849,32.0
2850,52.0
2851,31.0
2852,29.0
2853,31.0
2854,33.0
2855,56.0
2856,42.0
2857,30.0
2858,31.0
2859,28.0
2860,32.0
2861,31.0
2862,30.0
2863,23.0
2864,32.0
2865,25.0
2866,31.0
2867,33.0
2868,33.0
2869,45.0
2870,32.0
2871,27.0
2872,30.0
2873,45.0
2874,28.0
2875,21.0
2876,23.0
2877,44.0
2878,42.0
2879,26.0
2880,41.0
2881,32.0
2882,31.0
2883,32.0
2884,52.0
2885,26.0
2886,31.0
2887,37.0
2888,18.0
2889,21.0
2890,32.0
2891,53.0
2892,30.0
2893,22.0
2894,31.0
2895,31.0
2896,20.0
2897,38.0
2898,32.0
2899,29.0
2900,30.0
2901,33.0
2902,29.0
2903,30.0
2904,31.0
2905,29.0
2906,29.0
2907,30.0
2908,28.0
2909,32.0
2910,29.0
2911,22.0
2912,33.0
2913,43.0
2914,32.0
2915,31.0
2916,28.0
2917,26.0
2918,31.0
2919,32.0
2920,25.0
2921,32.0
2922,26.0
2923,29.0
2924,26.0
2925,28.0
2926,31.0
2927,32.0
2928,31.0
2929,30.0
2930,29.0
2931,27.0
2932,30.0
2933,31.0
2934,34.0
2935,29.0
2936,28.0
2937,30.0
2938,31.0
2939,33.0
2940,23.0
2941,29.0
2942,30.0
2943,24.0
2944,29.0
2945,31.0
2946,25.0
2947,51.0
2948,32.0
2949,32.0
2950,37.0
2951,27.0
2952,40.0
2953,32.0
2954,34.0
2955,24.0
2956,32.0
2957,29.0
2958,30.0
2959,29.0
2960,27.0
2961,32.0
2962,22.0
2963,24.0
2964,32.0
2965,28.0
2966,30.0
2967,30.0
2968,30.0
2969,32.0
2970,30.0
2971,54.0
2972,31.0
2973,31.0
2974,27.0
2975,24.0
2976,27.0
2977,31.0
2978,32.0
2979,32.0
2980,32.0
2981,31.0
2982,25.0
2983,24.0
2984,30.0
2985,32.0
2986,29.0
2987,27.0
2988,31.0
2989,30.0
2990,34.0
2991,48.0
2992,30.0
2993,26.0
2994,25.0
2995,27.0
2996,31.0
2997,31.0
2998,38.0
2999,56.0
3000,32.0
3001,27.0
3002,32.0
3003,33.0
3004,22.0
3005,31.0
3006,30.0
3007,29.0
3008,31.0
3009,58.0
3010,30.0
3011,31.0
3012,27.0
3013,28.0
3014,31.0
3015,26.0
3016,34.0
3017,31.0
3018,34.0
3019,28.0
3020,27.0
3021,32.0
3022,32.0
3023,32.0
3024,47.0
3025,31.0
3026,30.0
3027,31.0
3028,35.0
3029,28.0
3030,21.0
3031,33.0
3032,26.0
3033,27.0
3034,32.0
3035,33.0
3036,42.0
3037,33.0
3038,23.0
3039,32.0
3040,23.0
3041,29.0
3042,62.0
3043,32.0
3044,32.0
3045,21.0
3046,31.0
3047,26.0
3048,29.0
3049,25.0
3050,32.0
3051,25.0
3052,32.0
3053,54.0
3054,32.0
3055,25.0
3056,29.0
3057,24.0
3058,32.0
3059,33.0
3060,32.0
3061,32.0
3062,32.0
3063,20.0
3064,31.0
3065,27.0
3066,21.0
3067,30.0
3068,34.0
3069,32.0
3070,25.0
3071,21.0
3072,30.0
3073,54.0
3074,34.0
3075,18.0
3076,26.0
3077,29.0
3078,32.0
3079,24.0
3080,27.0
3081,31.0
3082,34.0
3083,25.0
3084,39.0
3085,51.0
3086,31.0
3087,34.0
3088,26.0
3089,33.0
3090,29.0
3091,33.0
3092,30.0
3093,55.0
3094,33.0
3095,33.0
3096,30.0
3097,28.0
3098,27.0
3099,34.0
3100,24.0
3101,31.0
3102,27.0
3103,32.0
3104,33.0
3105,32.0
3106,33.0
3107,32.0
3108,31.0
3109,20.0
3110,29.0
3111,32.0
3112,31.0
3113,33.0
3114,29.0
3115,32.0
3116,27.0
3117,24.0
3118,23.0
3119,31.0
3120,26.0
3121,57.0
3122,32.0
3123,46.0
3124,31.0
3125,30.0
3126,22.0
3127,34.0
3128,49.0
3129,31.0
3130,32.0
3131,33.0
3132,31.0
3133,31.0
3134,29.0
3135,30.0
3136,32.0
3137,29.0
3138,27.0
3139,32.0
3140,32.0
3141,27.0
3142,54.0
3143,32.0
3144,30.0
3145,33.0
3146,38.0
3147,35.0
3148,32.0
3149,33.0
3150,32.0
3151,26.0
3152,32.0
3153,63.0
3154,24.0
3155,32.0
3156,32.0
3157,30.0
3158,38.0
3159,34.0
3160,30.0
3161,33.0
3162,33.0
3163,32.0
3164,40.0
3165,33.0
3166,25.0
3167,32.0
3168,21.0
3169,53.0
3170,34.0
3171,32.0
3172,21.0
3173,31.0
3174,28.0
3175,30.0
3176,50.0
3177,33.0
3178,24.0
3179,32.0
3180,31.0
3181,30.0
3182,29.0
3183,34.0
3184,23.0
3185,31.0
3186,23.0
3187,31.0
3188,28.0
3189,26.0
3190,28.0
3191,33.0
3192,34.0
3193,48.0
3194,55.0
3195,52.0
3196,28.0
3197,32.0
3198,32.0
3199,32.0
3200,23.0
3201,27.0
3202,31.0
3203,31.0
3204,29.0
3205,32.0
3206,32.0
3207,31.0
3208,33.0
3209,27.0
3210,32.0
3211,32.0
3212,32.0
3213,33.0
3214,33.0
3215,34.0
3216,32.0
3217,28.0
3218,31.0
3219,24.0
3220,29.0
3221,28.0
3222,29.0
3223,33.0
3224,22.0
3225,30.0
3226,30.0
3227,28.0
3228,32.0
3229,33.0
3230,30.0
3231,33.0
3232,31.0
3233,32.0
3234,29.0
3235,22.0
3236,33.0
3237,30.0
3238,32.0
3239,31.0
3240,33.0
3241,26.0
3242,30.0
3243,32.0
3244,33.0
3245,32.0
3246,64.0
3247,54.0
3248,29.0
3249,30.0
3250,28.0
3251,32.0
3252,33.0
3253,29.0
3254,28.0
3255,23.0
3256,31.0
3257,15.0
3258,26.0
3259,33.0
3260,32.0
3261,33.0
3262,29.0
3263,30.0
3264,34.0
3265,34.0
3266,32.0
3267,29.0
3268,31.0
3269,30.0
3270,46.0
3271,32.0
3272,34.0
3273,31.0
3274,34.0
3275,33.0
3276,32.0
3277,32.0
3278,33.0
3279,45.0
3280,30.0
3281,30.0
3282,34.0
3283,31.0
3284,22.0
3285,32.0
3286,25.0
3287,33.0
3288,33.0
3289,32.0
3290,32.0
3291,6.0
3292,58.0
3293,29.0
3294,32.0
3295,31.0
3296,30.0
3297,34.0
3298,30.0
3299,32.0
3300,44.0
3301,31.0
3302,27.0
3303,56.0
3304,31.0
3305,33.0
3306,30.0
3307,32.0
3308,54.0
3309,22.0
3310,28.0
3311,31.0
3312,31.0
3313,33.0
3314,23.0
3315,36.0
3316,30.0
3317,32.0
3318,32.0
3319,53.0
3320,22.0
3321,40.0
3322,26.0
3323,31.0
3324,31.0
3325,33.0
3326,32.0
3327,31.0
3328,32.0
3329,44.0
3330,32.0
3331,31.0
3332,32.0
3333,31.0
3334,34.0
3335,29.0
3336,51.0
3337,32.0
3338,34.0
3339,51.0
3340,32.0
3341,48.0
3342,31.0
3343,30.0
3344,30.0
3345,34.0
3346,34.0
3347,29.0
3348,30.0
3349,29.0
3350,33.0
3351,30.0
3352,33.0
3353,32.0
3354,30.0
3355,33.0
3356,28.0
3357,28.0
3358,29.0
3359,32.0
3360,34.0
3361,30.0
3362,33.0
3363,32.0
3364,30.0
3365,49.0
3366,12.0
3367,30.0
3368,31.0
3369,33.0
3370,33.0
3371,25.0
3372,33.0
3373,29.0
3374,34.0
3375,42.0
3376,33.0
3377,31.0
3378,28.0
3379,28.0
3380,31.0
3381,32.0
3382,42.0
3383,29.0
3384,32.0
3385,30.0
3386,33.0
3387,31.0
3388,34.0
3389,30.0
3390,32.0
3391,34.0
3392,28.0
3393,31.0
3394,45.0
3395,33.0
3396,31.0
3397,30.0
3398,32.0
3399,29.0
3400,29.0
3401,56.0
3402,59.0
3403,31.0
3404,31.0
3405,25.0
3406,31.0
3407,33.0
3408,29.0
3409,29.0
3410,31.0
3411,30.0
3412,33.0
3413,33.0
3414,31.0
3415,32.0
3416,33.0
3417,32.0
3418,38.0
3419,23.0
3420,29.0
3421,32.0
3422,31.0
3423,31.0
3424,31.0
3425,33.0
3426,29.0
3427,32.0
3428,60.0
3429,32.0
3430,33.0
3431,32.0
3432,33.0
3433,31.0
3434,30.0
3435,33.0
3436,31.0
3437,26.0
3438,29.0
3439,28.0
3440,28.0
3441,32.0
3442,59.0
3443,32.0
3444,30.0
3445,29.0
3446,32.0
3447,24.0
3448,29.0
3449,33.0
3450,33.0
3451,31.0
3452,27.0
3453,31.0
3454,31.0
3455,23.0
3456,42.0
3457,32.0
3458,22.0
3459,34.0
3460,30.0
3461,29.0
3462,49.0
3463,33.0
3464,30.0
3465,32.0
3466,30.0
3467,33.0
3468,31.0
3469,29.0
3470,31.0
3471,23.0
3472,18.0
3473,39.0
3474,27.0
3475,30.0
3476,33.0
3477,34.0
3478,29.0
3479,32.0
3480,30.0
3481,51.0
3482,31.0
3483,31.0
3484,30.0
3485,33.0
3486,32.0
3487,15.0
3488,34.0
3489,31.0
3490,32.0
3491,56.0
3492,30.0
3493,31.0
3494,29.0
3495,33.0
3496,34.0
3497,27.0
3498,31.0
3499,32.0
3500,30.0
3501,27.0
3502,22.0
3503,31.0
3504,29.0
3505,30.0
3506,26.0
3507,25.0
3508,24.0
3509,33.0
3510,29.0
3511,31.0
3512,32.0
3513,30.0
3514,31.0
3515,33.0
3516,32.0
3517,33.0
3518,32.0
3519,43.0
3520,62.0
3521,30.0
3522,31.0
3523,28.0
3524,31.0
3525,19.0
3526,32.0
3527,28.0
3528,28.0
3529,32.0
3530,43.0
3531,31.0
3532,31.0
3533,30.0
3534,33.0
3535,32.0
3536,30.0
3537,32.0
3538,32.0
3539,34.0
3540,26.0
3541,31.0
3542,34.0
3543,32.0
3544,27.0
3545,30.0
3546,30.0
3547,29.0
3548,28.0
3549,30.0
3550,32.0
3551,32.0
3552,32.0
3553,32.0
3554,30.0
3555,32.0
3556,31.0
3557,30.0
3558,32.0
3559,33.0
3560,24.0
3561,30.0
3562,57.0
3563,29.0
3564,29.0
3565,28.0
3566,52.0
3567,33.0
3568,27.0
3569,31.0
3570,48.0
3571,29.0
3572,33.0
3573,31.0
3574,29.0
3575,26.0
3576,30.0
3577,30.0
3578,31.0
3579,28.0
3580,30.0
3581,33.0
3582,28.0
3583,31.0
3584,50.0
3585,44.0
3586,33.0
3587,42.0
3588,30.0
3589,26.0
3590,29.0
3591,30.0
3592,34.0
3593,45.0
3594,31.0
3595,33.0
3596,29.0
3597,29.0
3598,22.0
3599,26.0
3600,32.0
3601,32.0
3602,31.0
3603,34.0
3604,23.0
3605,50.0
3606,30.0
3607,31.0
3608,31.0
3609,28.0
3610,30.0
3611,23.0
3612,31.0
3613,30.0
3614,29.0
3615,32.0
3616,33.0
3617,56.0
3618,32.0
3619,48.0
3620,33.0
3621,32.0
3622,29.0
3623,31.0
3624,31.0
3625,31.0
3626,34.0
3627,30.0
3628,31.0
3629,32.0
3630,32.0
3631,30.0
3632,28.0
3633,31.0
3634,30.0
3635,30.0
3636,32.0
3637,29.0
3638,31.0
3639,32.0
3640,45.0
3641,30.0
3642,31.0
3643,33.0
3644,32.0
3645,31.0
3646,30.0
3647,57.0
3648,30.0
3649,32.0
3650,32.0
3651,32.0
3652,32.0
3653,41.0
3654,31.0
3655,32.0
3656,32.0
3657,32.0
3658,33.0
3659,31.0
3660,34.0
3661,33.0
3662,28.0
3663,29.0
3664,29.0
3665,32.0
3666,33.0
3667,29.0
3668,33.0
3669,33.0
3670,48.0
3671,33.0
3672,33.0
3673,34.0
3674,30.0
3675,31.0
3676,32.0
3677,31.0
3678,33.0
3679,32.0
3680,32.0
3681,32.0
3682,33.0
3683,23.0
3684,26.0
3685,33.0
3686,32.0
3687,32.0
3688,23.0
3689,32.0
3690,30.0
3691,29.0
3692,31.0
3693,29.0
3694,30.0
3695,20.0
3696,32.0
3697,33.0
3698,60.0
3699,57.0
3700,29.0
3701,32.0
3702,33.0
3703,32.0
3704,22.0
3705,32.0
3706,32.0
3707,25.0
3708,26.0
3709,30.0
3710,47.0
3711,34.0
3712,32.0
3713,32.0
3714,30.0
3715,19.0
3716,31.0
3717,30.0
3718,31.0
3719,33.0
3720,31.0
3721,33.0
3722,31.0
3723,26.0
3724,34.0
3725,27.0
3726,33.0
3727,24.0
3728,34.0
3729,26.0
3730,63.0
3731,31.0
3732,33.0
3733,32.0
3734,30.0
3735,43.0
3736,31.0
3737,33.0
3738,32.0
3739,33.0
3740,53.0
3741,34.0
3742,47.0
3743,30.0
3744,30.0
3745,33.0
3746,30.0
3747,33.0
3748,31.0
3749,33.0
3750,32.0
3751,32.0
3752,55.0
3753,46.0
3754,33.0
3755,30.0
3756,28.0
3757,31.0
3758,26.0
3759,25.0
3760,33.0
3761,31.0
3762,29.0
3763,23.0
3764,31.0
3765,32.0
3766,53.0
3767,55.0
3768,30.0
3769,20.0
3770,31.0
3771,32.0
3772,26.0
3773,30.0
3774,34.0
3775,32.0
3776,31.0
3777,33.0
3778,32.0
3779,50.0
3780,33.0
3781,32.0
3782,62.0
3783,32.0
3784,33.0
3785,32.0
3786,33.0
3787,31.0
3788,31.0
3789,26.0
3790,32.0
3791,32.0
3792,40.0
3793,32.0
3794,32.0
3795,33.0
3796,53.0
3797,31.0
3798,32.0
3799,62.0
3800,28.0
3801,29.0
3802,30.0
3803,32.0
3804,23.0
3805,30.0
3806,32.0
3807,30.0
3808,32.0
3809,62.0
3810,32.0
3811,30.0
3812,19.0
3813,57.0
3814,33.0
3815,30.0
3816,33.0
3817,32.0
3818,28.0
3819,20.0
3820,31.0
3821,32.0
3822,17.0
3823,28.0
3824,32.0
3825,31.0
3826,31.0
3827,33.0
3828,31.0
3829,67.0
3830,29.0
3831,31.0
3832,34.0
3833,45.0
3834,31.0
3835,28.0
3836,32.0
3837,30.0
3838,33.0
3839,44.0
3840,33.0
3841,31.0
3842,32.0
3843,31.0
3844,33.0
3845,22.0
3846,37.0
3847,52.0
3848,30.0
3849,31.0
3850,33.0
3851,31.0
3852,51.0
3853,31.0
3854,33.0
3855,29.0
3856,52.0
3857,32.0
3858,33.0
3859,33.0
3860,32.0
3861,30.0
3862,32.0
3863,33.0
3864,31.0
3865,32.0
3866,31.0
3867,33.0
3868,31.0
3869,26.0
3870,30.0
3871,33.0
3872,33.0
3873,29.0
3874,29.0
3875,29.0
3876,32.0
3877,30.0
3878,32.0
3879,29.0
3880,35.0
3881,31.0
3882,32.0
3883,34.0
3884,31.0
3885,33.0
3886,32.0
3887,53.0
3888,29.0
3889,30.0
3890,28.0
3891,47.0
3892,18.0
3893,32.0
3894,32.0
3895,46.0
3896,32.0
3897,31.0
3898,33.0
3899,28.0
3900,33.0
3901,33.0
3902,29.0
3903,33.0
3904,33.0
3905,31.0
3906,30.0
3907,31.0
3908,30.0
3909,33.0
3910,34.0
3911,82.0
3912,33.0
3913,30.0
3914,31.0
3915,30.0
3916,28.0
3917,25.0
3918,32.0
3919,28.0
3920,33.0
3921,51.0
3922,16.0
3923,31.0
3924,30.0
3925,33.0
3926,33.0
3927,33.0
3928,32.0
3929,32.0
3930,29.0
3931,53.0
3932,32.0
3933,33.0
3934,31.0
3935,32.0
3936,33.0
3937,68.0
3938,31.0
3939,24.0
3940,34.0
3941,31.0
3942,33.0
3943,32.0
3944,32.0
3945,33.0
3946,32.0
3947,33.0
3948,39.0
3949,55.0
3950,32.0
3951,33.0
3952,34.0
3953,53.0
3954,29.0
3955,31.0
3956,29.0
3957,30.0
3958,32.0
3959,30.0
3960,30.0
3961,32.0
3962,33.0
3963,33.0
3964,56.0
3965,32.0
3966,52.0
3967,31.0
3968,29.0
3969,34.0
3970,32.0
3971,34.0
3972,30.0
3973,32.0
3974,33.0
3975,30.0
3976,31.0
3977,34.0
3978,31.0
3979,33.0
3980,32.0
3981,31.0
3982,31.0
3983,46.0
3984,33.0
3985,33.0
3986,18.0
3987,29.0
3988,33.0
3989,53.0
3990,32.0
3991,66.0
3992,29.0
3993,32.0
3994,33.0
3995,27.0
3996,20.0
3997,33.0
3998,53.0
3999,33.0
4000,32.0
4001,31.0
4002,33.0
4003,33.0
4004,29.0
4005,32.0
4006,32.0
4007,34.0
4008,31.0
4009,28.0
4010,31.0
4011,31.0
4012,32.0
4013,30.0
4014,66.0
4015,33.0
4016,34.0
4017,29.0
4018,33.0
4019,31.0
4020,44.0
4021,26.0
4022,25.0
4023,58.0
4024,54.0
4025,55.0
4026,32.0
4027,32.0
4028,32.0
4029,38.0
4030,31.0
4031,40.0
4032,30.0
4033,54.0
4034,33.0
4035,34.0
4036,29.0
4037,32.0
4038,33.0
4039,32.0
4040,32.0
4041,32.0
4042,32.0
4043,29.0
4044,34.0
4045,53.0
4046,32.0
4047,33.0
4048,29.0
4049,32.0
4050,31.0
4051,33.0
4052,32.0
4053,34.0
4054,32.0
4055,30.0
4056,30.0
4057,34.0
4058,31.0
4059,34.0
4060,32.0
4061,32.0
4062,32.0
4063,31.0
4064,36.0
4065,33.0
4066,33.0
4067,34.0
4068,31.0
4069,34.0
4070,27.0
4071,46.0
4072,62.0
4073,32.0
4074,31.0
4075,54.0
4076,24.0
4077,32.0
4078,30.0
4079,57.0
4080,33.0
4081,31.0
4082,54.0
4083,32.0
4084,34.0
4085,31.0
4086,29.0
4087,32.0
4088,33.0
4089,30.0
4090,31.0
4091,41.0
4092,45.0
4093,30.0
4094,34.0
4095,32.0
4096,34.0
4097,31.0
4098,32.0
4099,29.0
4100,32.0
4101,32.0
4102,56.0
4103,32.0
4104,33.0
4105,32.0
4106,31.0
4107,29.0
4108,36.0
4109,32.0
4110,33.0
4111,31.0
4112,33.0
4113,26.0
4114,55.0
4115,34.0
4116,52.0
4117,32.0
4118,70.0
4119,32.0
4120,31.0
4121,59.0
4122,32.0
4123,36.0
4124,30.0
4125,33.0
4126,32.0
4127,32.0
4128,31.0
4129,31.0
4130,32.0
4131,32.0
4132,32.0
4133,34.0
4134,33.0
4135,27.0
4136,34.0
4137,33.0
4138,33.0
4139,46.0
4140,29.0
4141,31.0
4142,83.0
4143,30.0
4144,30.0
4145,27.0
4146,70.0
4147,29.0
4148,50.0
4149,50.0
4150,31.0
4151,35.0
4152,33.0
4153,59.0
4154,61.0
4155,34.0
4156,33.0
4157,28.0
4158,30.0
4159,53.0
4160,64.0
4161,31.0
4162,68.0
4163,31.0
4164,41.0
4165,32.0
4166,33.0
4167,37.0
4168,27.0
4169,47.0
4170,31.0
4171,32.0
4172,45.0
4173,33.0
4174,33.0
4175,22.0
4176,33.0
4177,32.0
4178,31.0
4179,32.0
4180,34.0
4181,33.0
4182,33.0
4183,43.0
4184,32.0
4185,62.0
4186,32.0
4187,32.0
4188,32.0
4189,31.0
4190,48.0
4191,33.0
4192,32.0
4193,57.0
4194,26.0
4195,32.0
4196,27.0
4197,30.0
4198,31.0
4199,31.0
4200,32.0
4201,30.0
4202,56.0
4203,30.0
4204,58.0
4205,33.0
4206,33.0
4207,33.0
4208,32.0
4209,33.0
4210,22.0
4211,32.0
4212,69.0
4213,56.0
4214,33.0
4215,32.0
4216,28.0
4217,33.0
4218,24.0
4219,32.0
4220,34.0
4221,34.0
4222,33.0
4223,33.0
4224,34.0
4225,64.0
4226,32.0
4227,33.0
4228,33.0
4229,32.0
4230,33.0
4231,35.0
4232,45.0
4233,32.0
4234,31.0
4235,56.0
4236,31.0
4237,32.0
4238,36.0
4239,29.0
4240,31.0
4241,60.0
4242,30.0
4243,32.0
4244,33.0
4245,31.0
4246,31.0
4247,32.0
4248,31.0
4249,27.0
4250,30.0
4251,24.0
4252,33.0
4253,32.0
4254,41.0
4255,30.0
4256,30.0
4257,47.0
4258,31.0
4259,32.0
4260,30.0
4261,36.0
4262,54.0
4263,31.0
4264,49.0
4265,66.0
4266,32.0
4267,28.0
4268,31.0
4269,33.0
4270,34.0
4271,31.0
4272,33.0
4273,30.0
4274,33.0
4275,49.0
4276,55.0
4277,60.0
4278,33.0
4279,32.0
4280,33.0
4281,30.0
4282,32.0
4283,29.0
4284,27.0
4285,24.0
4286,36.0
4287,33.0
4288,34.0
4289,34.0
4290,33.0
4291,42.0
4292,31.0
4293,33.0
4294,31.0
4295,50.0
4296,70.0
4297,34.0
4298,34.0
4299,32.0
4300,22.0
4301,32.0
4302,32.0
4303,34.0
4304,29.0
4305,33.0
4306,33.0
4307,31.0
4308,35.0
4309,26.0
4310,27.0
4311,31.0
4312,31.0
4313,62.0
4314,49.0
4315,32.0
4316,34.0
4317,33.0
4318,32.0
4319,32.0
4320,32.0
4321,31.0
4322,31.0
4323,33.0
4324,30.0
4325,31.0
4326,32.0
4327,29.0
4328,40.0
4329,32.0
4330,33.0
4331,32.0
4332,34.0
4333,35.0
4334,62.0
4335,32.0
4336,32.0
4337,58.0
4338,33.0
4339,25.0
4340,33.0
4341,32.0
4342,32.0
4343,63.0
4344,30.0
4345,30.0
4346,42.0
4347,23.0
4348,31.0
4349,32.0
4350,45.0
4351,32.0
4352,33.0
4353,40.0
4354,33.0
4355,30.0
4356,31.0
4357,62.0
4358,33.0
4359,32.0
4360,33.0
4361,21.0
4362,30.0
4363,32.0
4364,27.0
4365,32.0
4366,35.0
4367,32.0
4368,43.0
4369,31.0
4370,31.0
4371,33.0
4372,33.0
4373,33.0
4374,51.0
4375,30.0
4376,33.0
4377,64.0
4378,31.0
4379,30.0
4380,32.0
4381,32.0
4382,33.0
4383,54.0
4384,32.0
4385,57.0
4386,29.0
4387,33.0
4388,49.0
4389,45.0
4390,59.0
4391,52.0
4392,31.0
4393,33.0
4394,64.0
4395,31.0
4396,33.0
4397,32.0
4398,50.0
4399,32.0
4400,30.0
4401,23.0
4402,30.0
4403,31.0
4404,34.0
4405,31.0
4406,31.0
4407,31.0
4408,30.0
4409,69.0
4410,34.0
4411,31.0
4412,32.0
4413,30.0
4414,33.0
4415,57.0
4416,31.0
4417,33.0
4418,30.0
4419,54.0
4420,23.0
4421,33.0
4422,66.0
4423,27.0
4424,27.0
4425,31.0
4426,30.0
4427,41.0
4428,30.0
4429,32.0
4430,29.0
4431,31.0
4432,30.0
4433,30.0
4434,32.0
4435,32.0
4436,30.0
4437,31.0
4438,28.0
4439,31.0
4440,46.0
4441,31.0
4442,33.0
4443,49.0
4444,32.0
4445,26.0
4446,33.0
4447,53.0
4448,32.0
4449,29.0
4450,31.0
4451,55.0
4452,32.0
4453,39.0
4454,28.0
4455,34.0
4456,54.0
4457,33.0
4458,60.0
4459,32.0
4460,32.0
4461,32.0
4462,55.0
4463,32.0
4464,34.0
4465,33.0
4466,59.0
4467,29.0
4468,33.0
4469,33.0
4470,33.0
4471,28.0
4472,30.0
4473,31.0
4474,33.0
4475,58.0
4476,45.0
4477,54.0
4478,32.0
4479,31.0
4480,28.0
4481,31.0
4482,34.0
4483,33.0
4484,32.0
4485,66.0
4486,30.0
4487,36.0
4488,30.0
4489,45.0
4490,60.0
4491,30.0
4492,30.0
4493,32.0
4494,30.0
4495,32.0
4496,40.0
4497,33.0
4498,30.0
4499,32.0
4500,32.0
4501,28.0
4502,32.0
4503,43.0
4504,32.0
4505,32.0
4506,30.0
4507,33.0
4508,32.0
4509,30.0
4510,33.0
4511,32.0
4512,63.0
4513,43.0
4514,32.0
4515,53.0
4516,30.0
4517,33.0
4518,33.0
4519,32.0
4520,43.0
4521,32.0
4522,33.0
4523,33.0
4524,43.0
4525,29.0
4526,58.0
4527,34.0
4528,34.0
4529,31.0
4530,30.0
4531,33.0
4532,50.0
4533,33.0
4534,13.0
4535,50.0
4536,34.0
4537,32.0
4538,31.0
4539,32.0
4540,24.0
4541,34.0
4542,54.0
4543,32.0
4544,33.0
4545,32.0
4546,31.0
4547,68.0
4548,33.0
4549,54.0
4550,33.0
4551,32.0
4552,31.0
4553,32.0
4554,27.0
4555,18.0
4556,31.0
4557,31.0
4558,25.0
4559,33.0
4560,32.0
4561,40.0
4562,24.0
4563,51.0
4564,32.0
4565,32.0
4566,33.0
4567,28.0
4568,32.0
4569,32.0
4570,24.0
4571,33.0
4572,58.0
4573,33.0
4574,32.0
4575,33.0
4576,32.0
4577,34.0
4578,21.0
4579,31.0
4580,32.0
4581,32.0
4582,41.0
4583,31.0
4584,51.0
4585,33.0
4586,40.0
4587,52.0
4588,33.0
4589,30.0
4590,33.0
4591,34.0
4592,26.0
4593,34.0
4594,31.0
4595,33.0
4596,32.0
4597,33.0
4598,31.0
4599,48.0
4600,34.0
4601,32.0
4602,31.0
4603,28.0
4604,54.0
4605,33.0
4606,31.0
4607,60.0
4608,30.0
4609,32.0
4610,52.0
4611,34.0
4612,29.0
4613,32.0
4614,26.0
4615,32.0
4616,33.0
4617,31.0
4618,33.0
4619,32.0
4620,42.0
4621,33.0
4622,33.0
4623,32.0
4624,33.0
4625,30.0
4626,34.0
4627,51.0
4628,33.0
4629,32.0
4630,33.0
4631,34.0
4632,33.0
4633,32.0
4634,20.0
4635,57.0
4636,32.0
4637,30.0
4638,33.0
4639,20.0
4640,34.0
4641,47.0
4642,33.0
4643,32.0
4644,33.0
4645,27.0
4646,29.0
4647,55.0
4648,55.0
4649,32.0
4650,34.0
4651,31.0
4652,33.0
4653,28.0
4654,31.0
4655,28.0
4656,33.0
4657,30.0
4658,28.0
4659,31.0
4660,55.0
4661,32.0
4662,37.0
4663,29.0
4664,33.0
4665,45.0
4666,31.0
4667,30.0
4668,44.0
4669,33.0
4670,24.0
4671,49.0
4672,34.0
4673,25.0
4674,32.0
4675,63.0
4676,31.0
4677,32.0
4678,31.0
4679,31.0
4680,30.0
4681,30.0
4682,33.0
4683,33.0
4684,29.0
4685,31.0
4686,33.0
4687,33.0
4688,32.0
4689,67.0
4690,32.0
4691,32.0
4692,32.0
4693,40.0
4694,42.0
4695,48.0
4696,58.0
4697,24.0
4698,31.0
4699,29.0
4700,28.0
4701,33.0
4702,33.0
4703,53.0
4704,58.0
4705,53.0
4706,56.0
4707,64.0
4708,31.0
4709,27.0
4710,29.0
4711,32.0
4712,37.0
4713,34.0
4714,31.0
4715,34.0
4716,58.0
4717,32.0
4718,54.0
4719,32.0
4720,31.0
4721,30.0
4722,34.0
4723,33.0
4724,47.0
4725,47.0
4726,40.0
4727,48.0
4728,32.0
4729,34.0
4730,32.0
4731,43.0
4732,32.0
4733,66.0
4734,31.0
4735,32.0
4736,26.0
4737,34.0
4738,31.0
4739,43.0
4740,31.0
4741,57.0
4742,31.0
4743,32.0
4744,16.0
4745,46.0
4746,45.0
4747,55.0
4748,51.0
4749,26.0
4750,31.0
4751,55.0
4752,33.0
4753,56.0
4754,32.0
4755,55.0
4756,30.0
4757,32.0
4758,30.0
4759,34.0
4760,33.0
4761,33.0
4762,32.0
4763,33.0
4764,29.0
4765,23.0
4766,54.0
4767,30.0
4768,31.0
4769,32.0
4770,33.0
4771,33.0
4772,30.0
4773,34.0
4774,33.0
4775,49.0
4776,32.0
4777,31.0
4778,31.0
4779,44.0
4780,34.0
4781,29.0
4782,32.0
4783,19.0
4784,32.0
4785,28.0
4786,32.0
4787,33.0
4788,29.0
4789,26.0
4790,49.0
4791,44.0
4792,34.0
4793,33.0
4794,49.0
4795,58.0
4796,31.0
4797,33.0
4798,34.0
4799,31.0
4800,32.0
4801,33.0
4802,30.0
4803,30.0
4804,48.0
4805,33.0
4806,32.0
4807,32.0
4808,63.0
4809,32.0
4810,32.0
4811,42.0
4812,54.0
4813,32.0
4814,25.0
4815,54.0
4816,31.0
4817,52.0
4818,33.0
4819,34.0
4820,49.0
4821,30.0
4822,58.0
4823,31.0
4824,27.0
4825,56.0
4826,39.0
4827,32.0
4828,34.0
4829,31.0
4830,32.0
4831,31.0
4832,31.0
4833,31.0
4834,27.0
4835,33.0
4836,33.0
4837,30.0
4838,34.0
4839,31.0
4840,33.0
4841,31.0
4842,29.0
4843,58.0
4844,32.0
4845,34.0
4846,31.0
4847,33.0
4848,32.0
4849,34.0
4850,32.0
4851,24.0
4852,45.0
4853,33.0
4854,31.0
4855,33.0
4856,32.0
4857,58.0
4858,16.0
4859,32.0
4860,48.0
4861,39.0
4862,32.0
4863,30.0
4864,43.0
4865,31.0
4866,19.0
4867,62.0
4868,32.0
4869,31.0
4870,32.0
4871,33.0
4872,32.0
4873,32.0
4874,38.0
4875,39.0
4876,31.0
4877,31.0
4878,31.0
4879,32.0
4880,30.0
4881,29.0
4882,30.0
4883,32.0
4884,54.0
4885,24.0
4886,31.0
4887,53.0
4888,34.0
4889,32.0
4890,30.0
4891,32.0
4892,29.0
4893,32.0
4894,31.0
4895,34.0
4896,32.0
4897,32.0
4898,30.0
4899,32.0
4900,33.0
4901,51.0
4902,32.0
4903,33.0
4904,54.0
4905,33.0
4906,32.0
4907,32.0
4908,32.0
4909,32.0
4910,59.0
4911,49.0
4912,30.0
4913,32.0
4914,33.0
4915,15.0
4916,32.0
4917,32.0
4918,51.0
4919,31.0
4920,51.0
4921,65.0
4922,33.0
4923,28.0
4924,32.0
4925,18.0
4926,29.0
4927,33.0
4928,32.0
4929,35.0
4930,32.0
4931,31.0
4932,31.0
4933,32.0
4934,32.0
4935,31.0
4936,48.0
4937,31.0
4938,68.0
4939,31.0
4940,32.0
4941,28.0
4942,33.0
4943,33.0
4944,120.0
4945,32.0
4946,47.0
4947,30.0
4948,33.0
4949,75.0
4950,21.0
4951,33.0
4952,31.0
4953,34.0
4954,31.0
4955,27.0
4956,31.0
4957,26.0
4958,46.0
4959,31.0
4960,39.0
4961,31.0
4962,32.0
4963,54.0
4964,33.0
4965,32.0
4966,32.0
4967,34.0
4968,55.0
4969,31.0
4970,62.0
4971,60.0
4972,34.0
4973,32.0
4974,48.0
4975,32.0
4976,63.0
4977,52.0
4978,30.0
4979,34.0
4980,26.0
4981,32.0
4982,66.0
4983,34.0
4984,33.0
4985,64.0
4986,34.0
4987,30.0
4988,33.0
4989,31.0
4990,33.0
4991,31.0
4992,32.0
4993,52.0
4994,63.0
4995,34.0
4996,31.0
4997,31.0
4998,27.0
4999,19.0
5000,32.0
5001,32.0
5002,32.0
5003,61.0
5004,31.0
5005,28.0
5006,31.0
5007,33.0
5008,33.0
5009,57.0
5010,31.0
5011,30.0
5012,31.0
5013,33.0
5014,32.0
5015,68.0
5016,31.0
5017,32.0
5018,31.0
5019,32.0
5020,33.0
5021,34.0
5022,32.0
5023,59.0
5024,32.0
5025,25.0
5026,34.0
5027,34.0
5028,45.0
5029,33.0
5030,30.0
5031,64.0
5032,32.0
5033,33.0
5034,31.0
5035,25.0
5036,34.0
5037,48.0
5038,32.0
5039,64.0
5040,63.0
5041,32.0
5042,33.0
5043,31.0
5044,40.0
5045,67.0
5046,31.0
5047,47.0
5048,32.0
5049,31.0
5050,31.0
5051,33.0
5052,33.0
5053,55.0
5054,52.0
5055,67.0
5056,54.0
5057,31.0
5058,32.0
5059,34.0
5060,33.0
5061,51.0
5062,32.0
5063,32.0
5064,31.0
5065,33.0
5066,29.0
5067,34.0
5068,29.0
5069,33.0
5070,32.0
5071,32.0
5072,33.0
5073,63.0
5074,49.0
5075,29.0
5076,55.0
5077,32.0
5078,31.0
5079,30.0
5080,65.0
5081,33.0
5082,32.0
5083,32.0
5084,55.0
5085,56.0
5086,33.0
5087,32.0
5088,64.0
5089,56.0
5090,35.0
5091,33.0
5092,30.0
5093,31.0
5094,27.0
5095,33.0
5096,32.0
5097,33.0
5098,34.0
5099,22.0
5100,54.0
5101,33.0
5102,34.0
5103,31.0
5104,32.0
5105,34.0
5106,53.0
5107,31.0
5108,32.0
5109,30.0
5110,30.0
5111,55.0
5112,31.0
5113,32.0
5114,34.0
5115,33.0
5116,32.0
5117,28.0
5118,33.0
5119,30.0
5120,32.0
5121,34.0
5122,34.0
5123,28.0
5124,32.0
5125,43.0
5126,31.0
5127,26.0
5128,33.0
5129,59.0
5130,49.0
5131,56.0
5132,30.0
5133,33.0
5134,33.0
5135,50.0
5136,34.0
5137,50.0
5138,33.0
5139,62.0
5140,33.0
5141,32.0
5142,60.0
5143,32.0
5144,25.0
5145,34.0
5146,32.0
5147,34.0
5148,32.0
5149,69.0
5150,29.0
5151,34.0
5152,34.0
5153,63.0
5154,52.0
5155,32.0
5156,30.0
5157,54.0
5158,29.0
5159,30.0
5160,63.0
5161,42.0
5162,29.0
5163,30.0
5164,69.0
5165,31.0
5166,33.0
5167,33.0
5168,32.0
5169,32.0
5170,31.0
5171,34.0
5172,35.0
5173,33.0
5174,32.0
5175,32.0
5176,69.0
5177,31.0
5178,68.0
5179,32.0
5180,29.0
5181,31.0
5182,32.0
5183,54.0
5184,32.0
5185,33.0
5186,33.0
5187,46.0
5188,32.0
5189,30.0
5190,31.0
5191,33.0
5192,34.0
5193,47.0
5194,32.0
5195,33.0
5196,64.0
5197,33.0
5198,62.0
5199,34.0
5200,57.0
5201,33.0
5202,33.0
5203,55.0
5204,33.0
5205,59.0
5206,34.0
5207,32.0
5208,31.0
5209,31.0
5210,31.0
5211,30.0
5212,32.0
5213,32.0
5214,33.0
5215,34.0
5216,30.0
5217,32.0
5218,32.0
5219,32.0
5220,42.0
5221,32.0
5222,59.0
5223,60.0
5224,32.0
5225,32.0
5226,33.0
5227,31.0
5228,35.0
5229,33.0
5230,32.0
5231,67.0
5232,34.0
5233,34.0
5234,51.0
5235,34.0
5236,33.0
5237,29.0
5238,32.0
5239,32.0
5240,33.0
5241,50.0
5242,34.0
5243,33.0
5244,33.0
5245,34.0
5246,29.0
5247,32.0
5248,32.0
5249,64.0
5250,32.0
5251,29.0
5252,31.0
5253,32.0
5254,55.0
5255,32.0
5256,25.0
5257,33.0
5258,29.0
5259,33.0
5260,33.0
5261,21.0
5262,30.0
5263,32.0
5264,29.0
5265,32.0
5266,28.0
5267,45.0
5268,33.0
5269,31.0
5270,32.0
5271,31.0
5272,48.0
5273,41.0
5274,29.0
5275,44.0
5276,46.0
5277,33.0
5278,31.0
5279,56.0
5280,34.0
5281,32.0
5282,58.0
5283,33.0
5284,27.0
5285,30.0
5286,32.0
5287,32.0
5288,29.0
5289,58.0
5290,62.0
5291,48.0
5292,50.0
5293,54.0
5294,58.0
5295,32.0
5296,31.0
5297,32.0
5298,29.0
5299,34.0
5300,33.0
5301,32.0
5302,32.0
5303,33.0
5304,55.0
5305,36.0
5306,32.0
5307,31.0
5308,32.0
5309,52.0
5310,54.0
5311,31.0
5312,33.0
5313,32.0
5314,31.0
5315,33.0
5316,54.0
5317,33.0
5318,64.0
5319,51.0
5320,32.0
5321,35.0
5322,32.0
5323,70.0
5324,32.0
5325,34.0
5326,31.0
5327,31.0
5328,34.0
5329,33.0
5330,31.0
5331,32.0
5332,68.0
5333,32.0
5334,32.0
5335,33.0
5336,32.0
5337,31.0
5338,31.0
5339,49.0
5340,32.0
5341,48.0
5342,47.0
5343,33.0
5344,32.0
5345,60.0
5346,32.0
5347,31.0
5348,33.0
5349,34.0
5350,32.0
5351,31.0
5352,68.0
5353,33.0
5354,34.0
5355,35.0
5356,63.0
5357,32.0
5358,62.0
5359,32.0
5360,65.0
5361,34.0
5362,61.0
5363,30.0
5364,31.0
5365,47.0
5366,33.0
5367,66.0
5368,33.0
5369,31.0
5370,33.0
5371,51.0
5372,30.0
5373,42.0
5374,51.0
5375,31.0
5376,53.0
5377,58.0
5378,30.0
5379,31.0
5380,56.0
5381,33.0
5382,32.0
5383,27.0
5384,31.0
5385,29.0
5386,50.0
5387,52.0
5388,33.0
5389,66.0
5390,32.0
5391,33.0
5392,62.0
5393,32.0
5394,32.0
5395,30.0
5396,49.0
5397,32.0
5398,31.0
5399,52.0
5400,27.0
5401,33.0
5402,32.0
5403,31.0
5404,28.0
5405,25.0
5406,33.0
5407,33.0
5408,57.0
5409,56.0
5410,30.0
5411,64.0
5412,28.0
5413,32.0
5414,34.0
5415,68.0
5416,58.0
5417,52.0
5418,57.0
5419,30.0
5420,66.0
5421,42.0
5422,33.0
5423,34.0
5424,31.0
5425,31.0
5426,31.0
5427,32.0
5428,33.0
5429,31.0
5430,23.0
5431,32.0
5432,32.0
5433,66.0
5434,34.0
5435,39.0
5436,32.0
5437,60.0
5438,34.0
5439,53.0
5440,32.0
5441,62.0
5442,30.0
5443,29.0
5444,53.0
5445,33.0
5446,32.0
5447,54.0
5448,34.0
5449,33.0
5450,47.0
5451,33.0
5452,32.0
5453,33.0
5454,29.0
5455,33.0
5456,32.0
5457,68.0
5458,32.0
5459,34.0
5460,39.0
5461,77.0
5462,32.0
5463,61.0
5464,34.0
5465,29.0
5466,32.0
5467,32.0
5468,34.0
5469,53.0
5470,55.0
5471,32.0
5472,31.0
5473,63.0
5474,33.0
5475,25.0
5476,32.0
5477,30.0
5478,67.0
5479,33.0
5480,30.0
5481,56.0
5482,33.0
5483,34.0
5484,32.0
5485,33.0
5486,63.0
5487,32.0
5488,32.0
5489,46.0
5490,32.0
5491,31.0
5492,33.0
5493,32.0
5494,33.0
5495,34.0
5496,31.0
5497,64.0
5498,34.0
5499,31.0
5500,45.0
5501,33.0
5502,31.0
5503,33.0
5504,55.0
5505,33.0
5506,33.0
5507,33.0
5508,32.0
5509,52.0
5510,31.0
5511,32.0
5512,30.0
5513,27.0
5514,26.0
5515,24.0
5516,34.0
5517,34.0
5518,32.0
5519,32.0
5520,65.0
5521,33.0
5522,34.0
5523,33.0
5524,32.0
5525,31.0
5526,34.0
5527,33.0
5528,32.0
5529,33.0
5530,31.0
5531,31.0
5532,32.0
5533,31.0
5534,31.0
5535,63.0
5536,33.0
5537,32.0
5538,33.0
5539,34.0
5540,32.0
5541,32.0
5542,33.0
5543,34.0
5544,54.0
5545,33.0
5546,52.0
5547,29.0
5548,51.0
5549,51.0
5550,32.0
5551,30.0
5552,33.0
5553,30.0
5554,30.0
5555,33.0
5556,62.0
5557,49.0
5558,58.0
5559,34.0
5560,34.0
5561,32.0
5562,47.0
5563,32.0
5564,34.0
5565,33.0
5566,65.0
5567,30.0
5568,33.0
5569,54.0
5570,33.0
5571,34.0
5572,32.0
5573,31.0
5574,32.0
5575,32.0
5576,55.0
5577,63.0
5578,34.0
5579,26.0
5580,33.0
5581,32.0
5582,34.0
5583,28.0
5584,31.0
5585,32.0
5586,30.0
5587,33.0
5588,74.0
5589,32.0
5590,33.0
5591,68.0
5592,31.0
5593,59.0
5594,61.0
5595,33.0
5596,34.0
5597,33.0
5598,33.0
5599,56.0
5600,59.0
5601,25.0
5602,48.0
5603,54.0
5604,54.0
5605,68.0
5606,31.0
5607,56.0
5608,34.0
5609,33.0
5610,33.0
5611,32.0
5612,33.0
5613,29.0
5614,31.0
5615,42.0
5616,34.0
5617,31.0
5618,40.0
5619,31.0
5620,49.0
5621,57.0
5622,34.0
5623,59.0
5624,60.0
5625,34.0
5626,33.0
5627,32.0
5628,68.0
5629,34.0
5630,70.0
5631,33.0
5632,33.0
5633,61.0
5634,32.0
5635,31.0
5636,32.0
5637,30.0
5638,34.0
5639,34.0
5640,31.0
5641,55.0
5642,33.0
5643,33.0
5644,57.0
5645,15.0
5646,25.0
5647,33.0
5648,57.0
5649,34.0
5650,32.0
5651,49.0
5652,34.0
5653,64.0
5654,40.0
5655,23.0
5656,66.0
5657,34.0
5658,63.0
5659,33.0
5660,32.0
5661,60.0
5662,30.0
5663,33.0
5664,56.0
5665,29.0
5666,27.0
5667,50.0
5668,32.0
5669,56.0
5670,66.0
5671,28.0
5672,39.0
5673,59.0
5674,59.0
5675,46.0
5676,61.0
5677,33.0
5678,56.0
5679,60.0
5680,34.0
5681,64.0
5682,34.0
5683,23.0
5684,33.0
5685,64.0
5686,52.0
5687,33.0
5688,63.0
5689,29.0
5690,28.0
5691,69.0
5692,33.0
5693,32.0
5694,34.0
5695,34.0
5696,32.0
5697,31.0
5698,50.0
5699,34.0
5700,39.0
5701,57.0
5702,28.0
5703,34.0
5704,23.0
5705,31.0
5706,63.0
5707,31.0
5708,33.0
5709,28.0
5710,58.0
5711,31.0
5712,32.0
5713,33.0
5714,56.0
5715,60.0
5716,33.0
5717,33.0
5718,59.0
5719,62.0
5720,31.0
5721,62.0
5722,32.0
5723,33.0
5724,30.0
5725,30.0
5726,31.0
5727,30.0
5728,62.0
5729,33.0
5730,34.0
5731,55.0
5732,31.0
5733,31.0
5734,34.0
5735,23.0
5736,31.0
5737,32.0
5738,34.0
5739,32.0
5740,28.0
5741,34.0
5742,26.0
5743,33.0
5744,53.0
5745,30.0
5746,34.0
5747,32.0
5748,30.0
5749,30.0
5750,65.0
5751,32.0
5752,51.0
5753,33.0
5754,32.0
5755,53.0
5756,32.0
5757,30.0
5758,30.0
5759,30.0
5760,53.0
5761,32.0
5762,33.0
5763,56.0
5764,67.0
5765,33.0
5766,32.0
5767,31.0
5768,34.0
5769,57.0
5770,36.0
5771,31.0
5772,50.0
5773,34.0
5774,26.0
5775,25.0
5776,24.0
5777,32.0
5778,33.0
5779,33.0
5780,33.0
5781,30.0
5782,54.0
5783,34.0
5784,33.0
5785,47.0
5786,66.0
5787,31.0
5788,34.0
5789,28.0
5790,33.0
5791,26.0
5792,32.0
5793,32.0
5794,54.0
5795,30.0
5796,67.0
5797,30.0
5798,35.0
5799,31.0
5800,51.0
5801,60.0
5802,46.0
5803,43.0
5804,32.0
5805,33.0
5806,33.0
5807,31.0
5808,54.0
5809,33.0
5810,33.0
5811,67.0
5812,32.0
5813,33.0
5814,31.0
5815,31.0
5816,33.0
5817,31.0
5818,32.0
5819,60.0
5820,26.0
5821,32.0
5822,58.0
5823,33.0
5824,32.0
5825,27.0
5826,33.0
5827,26.0
5828,32.0
5829,31.0
5830,19.0
5831,31.0
5832,32.0
5833,64.0
5834,35.0
5835,59.0
5836,31.0
5837,63.0
5838,33.0
5839,30.0
5840,32.0
5841,34.0
5842,65.0
5843,54.0
5844,64.0
5845,52.0
5846,56.0
5847,59.0
5848,30.0
5849,32.0
5850,46.0
5851,41.0
5852,57.0
5853,57.0
5854,33.0
5855,32.0
5856,63.0
5857,32.0
5858,34.0
5859,34.0
5860,33.0
5861,32.0
5862,55.0
5863,32.0
5864,68.0
5865,31.0
5866,39.0
5867,30.0
5868,33.0
5869,28.0
5870,57.0
5871,30.0
5872,55.0
5873,71.0
5874,61.0
5875,31.0
5876,51.0
5877,58.0
5878,29.0
5879,32.0
5880,50.0
5881,65.0
5882,33.0
5883,34.0
5884,34.0
5885,33.0
5886,61.0
5887,60.0
5888,56.0
5889,31.0
5890,57.0
5891,30.0
5892,33.0
5893,33.0
5894,63.0
5895,32.0
5896,26.0
