Episode,Reward,Loss
0,-21.0,0.437702551998882
1,-21.0,0.40004295164180803
2,-20.0,0.5564484896567592
3,-21.0,0.4005297029907524
4,-19.0,0.467072973687209
5,-19.0,0.5253610616982769
6,-18.0,0.4836128609285879
7,-21.0,0.4615997370801779
8,-18.0,0.521221912391411
9,-20.0,0.4363598431207265
10,-18.0,0.4568879550897691
11,-21.0,0.46546564618256525
12,-20.0,0.5045557762296085
13,-21.0,0.39885051964665763
14,-21.0,0.4971010939707412
15,-20.0,0.3797179533585222
16,-21.0,0.48519185118584574
17,-21.0,0.3712209402883673
18,-21.0,0.5009746803116286
19,-14.0,0.7204024836510143
20,-21.0,0.40938586359334295
21,-21.0,0.44826250955520663
22,-21.0,0.3967938378882536
23,-20.0,0.5126649781341257
24,-21.0,0.3397928113117814
25,-20.0,0.42991077224542096
26,-21.0,0.43623964344624255
27,-20.0,0.4475978972423036
28,-20.0,0.3913326245492499
29,-21.0,0.33219922823263914
30,-20.0,0.4543922235170612
31,-21.0,0.3314759509594296
32,-20.0,0.42125021403808205
33,-20.0,0.3975647259849211
34,-20.0,0.3272888740320923
35,-20.0,0.418796755529911
36,-20.0,0.3589640511672769
37,-20.0,0.424863347740029
38,-21.0,0.33413944752828684
39,-20.0,0.306245076131745
40,-21.0,0.3533493334434752
41,-21.0,0.25714589560811874
42,-20.0,0.3265940670062264
43,-20.0,0.35389835153182503
44,-20.0,0.37786510451405775
45,-21.0,0.24582054489656002
46,-19.0,0.3036736639442097
47,-21.0,0.28454653892913484
48,-21.0,0.2894606256922998
49,-21.0,0.2559266489188303
50,-19.0,0.36860708990570856
51,-20.0,0.2620410293675377
52,-21.0,0.25943099397045444
53,-21.0,0.24367005979729583
54,-20.0,0.31984503882267745
55,-20.0,0.26192577958863694
56,-20.0,0.299070706088969
57,-21.0,0.2607173163560219
58,-21.0,0.20437178490828956
59,-20.0,0.2414631615174585
60,-21.0,0.19198970980141894
61,-21.0,0.2047123540105531
62,-20.0,0.2503428573545534
63,-21.0,0.17821629870377365
64,-19.0,0.2698928957397584
65,-20.0,0.30147065411438234
66,-21.0,0.28248923587671015
67,-20.0,0.22602503335656365
68,-21.0,0.23119364459853387
69,-20.0,0.2275278770030127
70,-21.0,0.2450216177603579
71,-21.0,0.21887398709077388
72,-21.0,0.15147678995708702
73,-20.0,0.277572960818361
74,-21.0,0.18261299419827992
75,-21.0,0.17558806463785004
76,-20.0,0.24141493345086928
77,-21.0,0.2344941041810671
78,-21.0,0.22582083323504776
79,-20.0,0.18893776499317028
80,-21.0,0.19083059570402838
81,-21.0,0.18954277780721895
82,-20.0,0.1940626404757495
83,-19.0,0.25046988327085273
84,-21.0,0.18681063983240165
85,-20.0,0.19842702945970814
86,-20.0,0.1915859609725885
87,-20.0,0.2571619510927121
88,-20.0,0.19552804077102337
89,-19.0,0.2245165686472319
90,-21.0,0.1771564623049926
91,-20.0,0.17186739818862407
92,-19.0,0.210205774892529
93,-21.0,0.17440384316068958
94,-21.0,0.17749618402012857
95,-19.0,0.182904089022486
96,-21.0,0.19429638254950987
97,-20.0,0.20461364665970905
98,-21.0,0.22971437422529561
99,-20.0,0.2302182419662131
100,-18.0,0.23416967695811763
101,-20.0,0.18770745583969983
102,-21.0,0.16433258719189325
103,-20.0,0.27178629599075066
104,-18.0,0.21802031546394574
105,-19.0,0.167440093755431
106,-20.0,0.17533208505483344
107,-21.0,0.14179673173930496
108,-19.0,0.2034351674010395
109,-18.0,0.2700913462540484
110,-21.0,0.1416987628908828
111,-21.0,0.14882840667996788
112,-21.0,0.1505869560642168
113,-20.0,0.15205366728332592
114,-21.0,0.15707331657904433
115,-21.0,0.1455761120741954
116,-21.0,0.14676892509305617
117,-18.0,0.20449822587397648
118,-21.0,0.12875602982603596
119,-21.0,0.1974140506135882
120,-19.0,0.21541857611009618
121,-21.0,0.14247391743265325
122,-20.0,0.16055745441553881
123,-20.0,0.1563138423516648
124,-20.0,0.16724860868271207
125,-21.0,0.13180647452827543
126,-19.0,0.15074491541599855
127,-20.0,0.1425020245660562
128,-21.0,0.12682629378105048
129,-19.0,0.1382680925016757
130,-19.0,0.20782616933865938
131,-20.0,0.20675369648233755
132,-21.0,0.16045145930547733
133,-21.0,0.1528204916321556
134,-21.0,0.1514945633825846
135,-21.0,0.14629352469637524
136,-19.0,0.15494522057269933
137,-19.0,0.17823691946978215
138,-19.0,0.1179234646333498
139,-20.0,0.1529497905721655
140,-20.0,0.178984099511581
141,-21.0,0.15010969925060635
142,-21.0,0.13697785049589584
143,-20.0,0.13881553612736752
144,-21.0,0.12791291421308415
145,-20.0,0.1274741116212681
146,-20.0,0.16640227417519782
147,-19.0,0.1270563083671732
148,-20.0,0.1469384915617411
149,-20.0,0.14777154513285495
150,-20.0,0.10954694588144775
151,-21.0,0.15620141658291686
152,-21.0,0.16421428364992607
153,-20.0,0.1450742565357359
154,-21.0,0.1142279436608078
155,-21.0,0.14456514997436898
156,-20.0,0.12313390571944183
157,-19.0,0.12888516639213776
158,-20.0,0.12506746369035682
159,-18.0,0.16196203065192094
160,-19.0,0.13786064193118364
161,-20.0,0.16079233081109123
162,-20.0,0.163351152674295
163,-20.0,0.19619617798161926
164,-20.0,0.1202903763987706
165,-19.0,0.14856812361540506
166,-20.0,0.11674610231420957
167,-20.0,0.1474115738819819
168,-19.0,0.14837265181995463
169,-20.0,0.14069591312727425
170,-20.0,0.12420455789833795
171,-21.0,0.10702622520329896
172,-21.0,0.1342756946614827
173,-21.0,0.14278922614175826
174,-20.0,0.12179973183083348
175,-21.0,0.13467905425204663
176,-20.0,0.1058092443854548
177,-20.0,0.1416166139388224
178,-21.0,0.08472261295537464
179,-21.0,0.11626200628234074
180,-19.0,0.14852602945757098
181,-21.0,0.11459591525635915
182,-21.0,0.10389985761139542
183,-20.0,0.13798639077867847
184,-21.0,0.1288850963974255
185,-20.0,0.11772179108811542
186,-20.0,0.1438881308422424
187,-20.0,0.11084290691360366
188,-20.0,0.12389088157215156
189,-21.0,0.1035548088257201
190,-20.0,0.12030816830520052
191,-20.0,0.13662934309104457
192,-21.0,0.1158943684931728
193,-20.0,0.10428527153271716
194,-20.0,0.12333035057235975
195,-20.0,0.12990510324016213
196,-17.0,0.1676299104365171
197,-19.0,0.10830488702777075
198,-20.0,0.10832701536128297
199,-21.0,0.08370924852351891
200,-21.0,0.09405343877733685
201,-21.0,0.11861712473910302
202,-20.0,0.10798218415584415
203,-21.0,0.11735557789506856
204,-21.0,0.10813515287009068
205,-20.0,0.12405677112110425
206,-21.0,0.10719310864806175
207,-20.0,0.10989311059529427
208,-20.0,0.14453939406666905
209,-21.0,0.08884064789162949
210,-20.0,0.11074260647728806
211,-20.0,0.13718446435086662
212,-20.0,0.11719193847238785
213,-20.0,0.11784344167244853
214,-20.0,0.1108493421561434
215,-19.0,0.10101751817273907
216,-20.0,0.1399596369228675
217,-21.0,0.1105221441393951
218,-21.0,0.09862515940039884
219,-21.0,0.11066440652939491
220,-20.0,0.11321396527637262
221,-21.0,0.09852169256191701
222,-21.0,0.103879435613635
223,-21.0,0.09341271976882126
224,-20.0,0.10790366690343944
225,-20.0,0.12256178680399898
226,-17.0,0.12873209087410942
227,-21.0,0.1224696232820861
228,-20.0,0.1171970748109743
229,-20.0,0.11824773975240532
230,-20.0,0.13335543518769555
231,-19.0,0.12822919833706692
232,-20.0,0.11738632683409378
233,-21.0,0.08849372332770145
234,-21.0,0.09749019669834524
235,-21.0,0.1048539784096647
236,-19.0,0.11155418305133935
237,-21.0,0.10651819880877156
238,-21.0,0.12250159679388162
239,-20.0,0.14668282482307404
240,-21.0,0.1053895287841442
241,-21.0,0.10954898323689122
242,-21.0,0.1204406522665522
243,-20.0,0.11747224353894126
244,-20.0,0.10920532637828728
245,-20.0,0.1330464118727832
246,-20.0,0.1351022707967786
247,-21.0,0.1051034231641097
248,-20.0,0.11140884111227933
249,-19.0,0.11735204338037875
250,-20.0,0.15037797076365678
251,-20.0,0.15734920026443433
252,-21.0,0.12843850589706562
253,-20.0,0.13866974388656672
254,-19.0,0.1466367186003481
255,-20.0,0.12609542754944414
256,-19.0,0.14992259791324614
257,-20.0,0.12161369825480506
258,-20.0,0.12939312509115553
259,-20.0,0.12704418806970352
260,-21.0,0.12770139949134318
261,-21.0,0.14884282580169383
262,-21.0,0.1295879383542342
263,-20.0,0.15314118369133212
264,-21.0,0.1393326337056351
265,-20.0,0.14452798476850148
266,-21.0,0.12717341079405742
267,-20.0,0.16034277891594684
268,-21.0,0.120672258984996
269,-20.0,0.12936161064862972
270,-20.0,0.152551361505175
271,-20.0,0.13003196869249223
272,-21.0,0.11905030425987206
273,-20.0,0.14667720633588033
274,-21.0,0.1370640882087173
275,-21.0,0.1425336108513875
276,-19.0,0.15618546181940474
277,-21.0,0.10851232155255275
278,-20.0,0.14577998276945436
279,-20.0,0.12477323241182603
280,-21.0,0.14686374976008665
281,-20.0,0.1488653931664885
282,-21.0,0.12445139291230589
283,-20.0,0.12291534434916684
284,-20.0,0.13602436876681168
285,-21.0,0.13023027768940665
286,-20.0,0.13269256125204265
287,-20.0,0.16195222641545115
288,-19.0,0.1588910345963086
289,-21.0,0.15410414076177403
290,-19.0,0.15689978428417817
291,-21.0,0.1282895935473789
292,-20.0,0.15441365400329232
293,-21.0,0.13509079585492145
294,-20.0,0.13117319378216052
295,-20.0,0.1508247490710346
296,-19.0,0.1741428923269268
297,-21.0,0.1423525637073908
298,-21.0,0.15681212215713458
299,-21.0,0.1199498069472611
300,-20.0,0.13876498916215496
301,-20.0,0.12964959489181638
302,-21.0,0.12382526037254138
303,-19.0,0.1656191841175314
304,-21.0,0.13599956620601006
305,-20.0,0.14517718130082358
306,-20.0,0.1490918261479237
307,-21.0,0.16301168689096812
308,-20.0,0.14521682458143914
309,-19.0,0.14069590345025063
310,-21.0,0.1534069687477313
311,-20.0,0.1384669179606135
312,-21.0,0.16478904375253478
313,-21.0,0.12339736631111009
314,-19.0,0.1513198704124079
315,-20.0,0.150160451506963
316,-20.0,0.12796068545867456
317,-20.0,0.16772783189662732
318,-19.0,0.17984058464935515
319,-19.0,0.18264417093450902
320,-21.0,0.12639680913707707
321,-19.0,0.18216659372410504
322,-21.0,0.14876941170950886
323,-21.0,0.147572973932256
324,-21.0,0.12707287213925156
325,-20.0,0.14837614967836998
326,-21.0,0.13781229504820658
327,-20.0,0.15152953239157796
328,-21.0,0.13698890763043892
329,-20.0,0.2066985670971917
330,-20.0,0.16347865508578252
331,-20.0,0.18144676843076013
332,-21.0,0.15244666238868376
333,-21.0,0.14950553896051133
334,-21.0,0.1267334400326945
335,-21.0,0.15087348039378412
336,-21.0,0.15330894142971374
337,-20.0,0.13185761793283746
338,-20.0,0.17385170617490076
339,-20.0,0.13907849326642463
340,-20.0,0.1946242858102778
341,-20.0,0.14719004657672485
342,-21.0,0.1595604056637967
343,-20.0,0.17580125842505367
344,-21.0,0.1517703199206153
345,-21.0,0.14209583116462454
346,-20.0,0.16509081857657293
347,-21.0,0.15599691810348304
348,-21.0,0.16259382289717905
349,-21.0,0.1601616833359003
350,-21.0,0.1507566613436211
351,-21.0,0.19704541898681782
352,-21.0,0.17902751214569435
353,-21.0,0.19334292256098706
354,-20.0,0.17178324646374676
355,-19.0,0.2654132765237591
356,-20.0,0.1732253920417861
357,-21.0,0.17123174891457893
358,-21.0,0.15878986975440057
359,-21.0,0.1539522562889033
360,-21.0,0.17110039031831548
361,-21.0,0.1535199083155021
362,-20.0,0.2090428505835007
363,-20.0,0.17922022797574755
364,-19.0,0.17234547038242454
365,-21.0,0.16317915191757493
366,-21.0,0.1607572300999891
367,-20.0,0.2205783056851942
368,-21.0,0.1484732530079782
369,-19.0,0.1814549452974461
370,-21.0,0.1748704326164443
371,-21.0,0.14789109188859584
372,-18.0,0.2634272971772589
373,-21.0,0.13887276874447707
374,-20.0,0.14762198839889606
375,-20.0,0.12351289886282757
376,-21.0,0.19230002629046794
377,-19.0,0.14861783827655017
378,-20.0,0.133355487807421
379,-19.0,0.18078769990825094
380,-20.0,0.18116672929318156
381,-21.0,0.14534567352529848
382,-21.0,0.17962325557891745
383,-21.0,0.1636621633078903
384,-21.0,0.13530452095437795
385,-20.0,0.15611888506100513
386,-21.0,0.13703308268304681
387,-18.0,0.20204855843621772
388,-19.0,0.17686415349453455
389,-21.0,0.14725810240634019
390,-21.0,0.13644262107118266
391,-20.0,0.1448976084284368
392,-21.0,0.1419588079515961
393,-21.0,0.15453677481855266
394,-19.0,0.19370997419173364
395,-20.0,0.1481172372950823
396,-21.0,0.13654213277914096
397,-21.0,0.14059096724668052
398,-21.0,0.15505192679120228
399,-20.0,0.18563877090491587
400,-20.0,0.19584018462046515
401,-20.0,0.13600004908221308
402,-21.0,0.13087717321468517
403,-21.0,0.11595724982907996
404,-20.0,0.1426631772701512
405,-20.0,0.13031105536356336
406,-20.0,0.14876466124405852
407,-21.0,0.13322571708704345
408,-20.0,0.1426754996064119
409,-21.0,0.1441837693346315
410,-20.0,0.15316521444765385
411,-21.0,0.13742754762643017
412,-21.0,0.1490840803598985
413,-19.0,0.14965968769683968
414,-21.0,0.1379008077274193
415,-21.0,0.1419846047720057
416,-20.0,0.13824722347635543
417,-21.0,0.12535218579432694
418,-20.0,0.14235302251472604
419,-20.0,0.15713813390175346
420,-21.0,0.15151327630883316
421,-20.0,0.15695492149097845
422,-20.0,0.18722905775211984
423,-20.0,0.14816571879055118
424,-21.0,0.13293030362547142
425,-19.0,0.17051857798651326
426,-20.0,0.14076574928185437
427,-19.0,0.20215794219257077
428,-19.0,0.19358468079735758
429,-19.0,0.14329381396237295
430,-19.0,0.1782604374238872
431,-20.0,0.16371653255191632
432,-21.0,0.11343454453890445
433,-20.0,0.13968338458653307
434,-21.0,0.15115133118524682
435,-21.0,0.11610164902958786
436,-20.0,0.13936828561418224
437,-21.0,0.16965341609466122
438,-21.0,0.13430273326230235
439,-18.0,0.15512561011200887
440,-19.0,0.1819595421620761
441,-20.0,0.1480261085598613
442,-18.0,0.18685595496936003
443,-21.0,0.13844419642555295
444,-20.0,0.16072328005975578
445,-21.0,0.16965124951093458
446,-19.0,0.21816181176836835
447,-20.0,0.13623754433501745
448,-19.0,0.15750678673794027
449,-19.0,0.2007554737792816
450,-21.0,0.13018172260490246
451,-21.0,0.16059432113252115
452,-21.0,0.1707821873933426
453,-19.0,0.16145263382350095
454,-17.0,0.17029544904653449
455,-21.0,0.14177586537698517
456,-16.0,0.18027365158195607
457,-20.0,0.12707624710310483
458,-21.0,0.1327589573993464
459,-20.0,0.16201126607484184
460,-20.0,0.14473629062558757
461,-19.0,0.1376671333782724
462,-18.0,0.19610486603050958
463,-21.0,0.12720904624438845
464,-21.0,0.13946496563585242
465,-21.0,0.1396705166771426
466,-19.0,0.19446558787603863
467,-21.0,0.16102377148490632
468,-20.0,0.12340567794308299
469,-20.0,0.13868444983381778
470,-21.0,0.13511403242591769
471,-18.0,0.1746916364718345
472,-17.0,0.16544527916994411
473,-20.0,0.16428343486768426
474,-21.0,0.11909675815695664
475,-20.0,0.12169080945750466
476,-20.0,0.14859704120317474
477,-18.0,0.15255283484293614
478,-18.0,0.1614147896580107
479,-19.0,0.14925960612890776
480,-20.0,0.15581138563720742
481,-19.0,0.15940306555421557
482,-18.0,0.15972091547155287
483,-21.0,0.14794356747734128
484,-21.0,0.12829728157521458
485,-16.0,0.1746971187822055
486,-19.0,0.14525730692548677
487,-20.0,0.14216045074135764
488,-17.0,0.15992247328540543
489,-18.0,0.19923442311119288
490,-18.0,0.16799048468237743
491,-20.0,0.1552921445327229
492,-17.0,0.19884126295801252
493,-19.0,0.16183834230469074
494,-19.0,0.15210197748820065
495,-18.0,0.26745845546975033
496,-15.0,0.2453347665432375
497,-17.0,0.17895732456963742
498,-19.0,0.21446968970849412
499,-18.0,0.19742385704739718
500,-20.0,0.1984123564179754
501,-19.0,0.19370661850553006
502,-19.0,0.2161383859347552
503,-18.0,0.19901440471585374
504,-21.0,0.19199990631750552
505,-18.0,0.20511806721333414
506,-18.0,0.20598432645056164
507,-20.0,0.14486641590337968
508,-21.0,0.16296002118906472
509,-19.0,0.1880393389474193
510,-20.0,0.17819710250478238
511,-15.0,0.25476376683218405
512,-20.0,0.2045794380028383
513,-19.0,0.19373295399418566
514,-18.0,0.18073192769952584
515,-20.0,0.2438923605295713
516,-21.0,0.19957122852792963
517,-18.0,0.18689462033944437
518,-17.0,0.22640382256940939
519,-18.0,0.2394242446462158
520,-20.0,0.18438844572665403
521,-17.0,0.21868104011082323
522,-18.0,0.1929559202544624
523,-21.0,0.2061999285215279
524,-20.0,0.2074766217774595
525,-17.0,0.22143256787239807
526,-18.0,0.23458314454910578
527,-18.0,0.20036847852315987
528,-19.0,0.20553801889764145
529,-21.0,0.17073017253278522
530,-19.0,0.20267220214009285
531,-19.0,0.18057903215230908
532,-16.0,0.24953583715250716
533,-19.0,0.23358028858638136
534,-17.0,0.23556772960000671
535,-19.0,0.1727610887173796
536,-18.0,0.20244709547841921
537,-17.0,0.24278999558009673
538,-19.0,0.23707999883481534
539,-20.0,0.16914622196782148
540,-21.0,0.22962391300825402
541,-17.0,0.22819415635603946
542,-19.0,0.23021316868107533
543,-20.0,0.20838490794994868
544,-18.0,0.19162837504700292
545,-18.0,0.1709236957030953
546,-18.0,0.2122570027349866
547,-20.0,0.24081195107282838
548,-15.0,0.2986854154005414
549,-21.0,0.21540396520140348
550,-18.0,0.2746871901617851
551,-15.0,0.28934730598848546
552,-19.0,0.22623278635001043
553,-21.0,0.20539646335237194
554,-20.0,0.2421136040793499
555,-18.0,0.27694656223320635
556,-20.0,0.19418516151199583
557,-19.0,0.24905051079258556
558,-21.0,0.19760165734624024
559,-20.0,0.1992470075492747
560,-19.0,0.27305982875986956
561,-21.0,0.2023450331762433
562,-21.0,0.23013035747862887
563,-19.0,0.2365159271430457
564,-16.0,0.2657093510388222
565,-17.0,0.234980383887887
566,-20.0,0.2233212737046415
567,-16.0,0.26516887095203856
568,-19.0,0.2162215001299046
569,-20.0,0.24561594131955644
570,-21.0,0.18993147651781328
571,-20.0,0.210580332292011
572,-18.0,0.1910599978582468
573,-15.0,0.23527343745809048
574,-19.0,0.2411795440966671
575,-18.0,0.22587601162376814
576,-20.0,0.25062737768894294
577,-19.0,0.2208625545463292
578,-15.0,0.29134638554387493
579,-17.0,0.25942131511692423
580,-21.0,0.1923473591596121
581,-17.0,0.24629485578770982
582,-20.0,0.2577275404764805
583,-18.0,0.2697172616026364
584,-19.0,0.2652438361910754
585,-20.0,0.2209290413884446
586,-18.0,0.3003002075201948
587,-20.0,0.24604955299582798
588,-17.0,0.3058353016458568
589,-19.0,0.21789684138639132
590,-18.0,0.31478473443712573
591,-15.0,0.2950149550306378
592,-19.0,0.2730727736634435
593,-20.0,0.24410949017328676
594,-17.0,0.31482373835751787
595,-17.0,0.23046055289159995
596,-17.0,0.2870031443380867
597,-19.0,0.31114029220771044
598,-20.0,0.24467809119960293
599,-19.0,0.22226092260098085
600,-19.0,0.2664232274983078
601,-20.0,0.2426853446959285
602,-18.0,0.2966713879504823
603,-19.0,0.26811753610672895
604,-21.0,0.25249010817788076
605,-20.0,0.24130242838873528
606,-19.0,0.2541821900231298
607,-19.0,0.22978626673284452
608,-18.0,0.21678004263230832
609,-16.0,0.20642128497274825
610,-21.0,0.21938673192926217
611,-19.0,0.3187807997892378
612,-19.0,0.2343095380201703
613,-21.0,0.19873675246344646
614,-20.0,0.19826614203338977
615,-19.0,0.24110074811324012
616,-16.0,0.2792841796617722
617,-18.0,0.31612550411955453
618,-16.0,0.28079605297534727
619,-20.0,0.26097158614720684
620,-21.0,0.2592857976414962
621,-19.0,0.3133967813264462
622,-21.0,0.31623625201609684
623,-18.0,0.278746275260346
624,-19.0,0.23415046770242043
625,-18.0,0.28053197778353933
626,-18.0,0.24931958703382406
627,-18.0,0.21941093844361603
628,-18.0,0.23823372012702748
629,-15.0,0.2942513145826524
630,-18.0,0.26250571889977437
631,-20.0,0.23155216315353755
632,-18.0,0.2725115299981553
633,-20.0,0.2845394476025831
634,-15.0,0.3295022054735455
635,-18.0,0.26873126279679127
636,-17.0,0.2907745663251262
637,-20.0,0.2618725296924822
638,-20.0,0.2255655708431732
639,-21.0,0.1895702124456875
640,-15.0,0.3091217689507175
641,-17.0,0.2735550654542749
642,-13.0,0.29994849015929503
643,-18.0,0.22574586782138795
644,-17.0,0.29619623188773403
645,-18.0,0.2883736332587432
646,-18.0,0.2702328722807579
647,-15.0,0.31063995478325523
648,-20.0,0.3271863363770535
649,-18.0,0.28278356000373606
650,-17.0,0.2524358931987081
651,-15.0,0.36477161422226345
652,-16.0,0.31221144486335106
653,-16.0,0.2910564530175179
654,-15.0,0.3471454368918785
655,-15.0,0.32876575901173055
656,-18.0,0.29848163535643835
657,-17.0,0.2960046769876499
658,-13.0,0.40812666869169334
659,-18.0,0.340211077418644
660,-18.0,0.29768029011029284
661,-16.0,0.3183700841618702
662,-19.0,0.31836589812883176
663,-14.0,0.3233415181748569
664,-12.0,0.41087626878288575
665,-17.0,0.32596695791289676
666,-19.0,0.22160152975993697
667,-19.0,0.24450990778859705
668,-21.0,0.18877136675291695
669,-12.0,0.377349177520955
670,-18.0,0.319403669287567
671,-11.0,0.4078410552974674
672,-15.0,0.3358295700891176
673,-16.0,0.28302413517667446
674,-16.0,0.3447318575636018
675,-18.0,0.2874497958982829
676,-16.0,0.32543701531540137
677,-14.0,0.4830216212722007
678,-21.0,0.1647337183530908
679,-15.0,0.324355070515594
680,-19.0,0.28613465116359293
681,-14.0,0.3551371814246522
682,-19.0,0.3098145593685331
683,-20.0,0.2549091677792603
684,-20.0,0.21197467179445084
685,-13.0,0.33961444212764036
686,-12.0,0.3695934028510237
687,-15.0,0.3207632718695095
688,-16.0,0.2829543761181412
689,-16.0,0.2861320624288055
690,-15.0,0.2814111619445612
691,-17.0,0.23693155006185407
692,-15.0,0.2559517062618397
693,-12.0,0.3608421269163955
694,-19.0,0.21352568837755825
695,-15.0,0.3440476184623549
696,-18.0,0.28206148858589586
697,-18.0,0.26218623579188716
698,-21.0,0.25127893267199397
699,-14.0,0.3619460722693475
700,-20.0,0.24948878333088942
701,-21.0,0.2662236572505208
702,-16.0,0.3257802933512721
703,-19.0,0.29285052443447057
704,-19.0,0.31111907419835916
705,-15.0,0.2845155997420079
706,-10.0,0.34026836037810426
707,-15.0,0.2923609927238431
708,-18.0,0.23987747634964762
709,-14.0,0.3352562894433504
710,-15.0,0.3649957962188637
711,-18.0,0.2725809967450914
712,-18.0,0.2335521429486107
713,-13.0,0.3826164718993823
714,-18.0,0.30062703057046747
715,-19.0,0.28043392309336923
716,-18.0,0.2503870175060001
717,-21.0,0.2799088649189798
718,-19.0,0.2687263623083709
719,-17.0,0.2747666936556925
720,-14.0,0.30430656459066086
721,-9.0,0.4219835198819055
722,-18.0,0.3287960339948768
723,-18.0,0.29043128051853273
724,-9.0,0.3888146084063919
725,-17.0,0.2746642733254703
726,-18.0,0.2875415299713495
727,-16.0,0.3370266026322497
728,-13.0,0.3092903195065446
729,-16.0,0.2685547243891051
730,-17.0,0.27818143999320455
731,-13.0,0.2730644001858309
732,-14.0,0.31713805691106245
733,-20.0,0.2957153525130707
734,-12.0,0.3679960965819191
735,-17.0,0.2798606471478706
736,-19.0,0.264339295164973
737,-16.0,0.30179303428303683
738,-18.0,0.31367657594091725
739,-12.0,0.35885430246707983
740,-14.0,0.32948411263350863
741,-19.0,0.2684172079898417
742,-20.0,0.29746122773212846
743,-15.0,0.32653486671915743
744,-11.0,0.36601630064251367
745,-16.0,0.3077558996155858
746,-21.0,0.2706318974378519
747,-14.0,0.31592855430790223
748,-17.0,0.2644926492648665
749,-14.0,0.37856970385473687
750,-13.0,0.38476468223962
751,-19.0,0.3945617522331304
752,-17.0,0.3186935053090565
753,-15.0,0.31793729586934205
754,-15.0,0.35835119186958764
755,-17.0,0.3425955576967681
756,-18.0,0.3896744301309809
757,-18.0,0.34437315307877725
758,-18.0,0.27746945665421663
759,-11.0,0.41925374456332065
760,-12.0,0.4626203316875035
761,-14.0,0.36567712770192884
762,-18.0,0.33563355973456055
763,-15.0,0.2988544070685748
764,-17.0,0.3377110596411512
765,-6.0,0.5142662396247033
766,-16.0,0.3526096373825567
767,-17.0,0.31046962673281087
768,-12.0,0.39331682250485756
769,-20.0,0.2771963887207676
770,-17.0,0.33502748588944087
771,-16.0,0.3763141511299182
772,-16.0,0.3198013243090827
773,-14.0,0.3338485158892581
774,-17.0,0.30217098311550217
775,-19.0,0.2509300172969233
776,-19.0,0.2453271837439388
777,-8.0,0.5025965013628593
778,-10.0,0.40636220446322113
779,-16.0,0.3130275773728499
780,-12.0,0.39927642385009676
781,-12.0,0.3946348014578689
782,-18.0,0.33163010713178664
783,-18.0,0.32065967470407486
784,-19.0,0.3253796164790401
785,-19.0,0.33569978091691155
786,-11.0,0.4874899426213233
787,-20.0,0.33878874201036524
788,-10.0,0.49831731664016843
789,-18.0,0.3156135719837039
790,-13.0,0.3759193304285873
791,-16.0,0.3354808957083151
792,-18.0,0.34238839093450224
793,-19.0,0.3241763158875983
794,-20.0,0.3062821579078445
795,-18.0,0.40946888661710545
796,-19.0,0.3331967175472528
797,-13.0,0.45372342326299986
798,-16.0,0.34998146728321444
799,-17.0,0.34066099583287723
800,-17.0,0.33379032523953356
801,-15.0,0.3746833943296224
802,-14.0,0.3471885228645988
803,-17.0,0.35054935842345003
804,-18.0,0.29598191259719897
805,-14.0,0.3958215324601042
806,-19.0,0.2758418585653999
807,-21.0,0.2783027567929821
808,-10.0,0.3900241905284929
809,-17.0,0.2725368319952395
810,-18.0,0.3392232786209206
811,-13.0,0.40025553954183124
812,-15.0,0.41675992133968975
813,-14.0,0.40068154210894136
814,-19.0,0.3342455447127577
815,-19.0,0.38536439716699533
816,-16.0,0.4105790136527503
817,-18.0,0.32535385963274166
818,-15.0,0.42278936224465724
819,-18.0,0.34225231198070105
820,-14.0,0.4622714606084628
821,-16.0,0.35587010835297406
822,-21.0,0.23924866678135004
823,-18.0,0.3020270968481782
824,-16.0,0.34744627865438815
825,-15.0,0.33813531282066833
826,-18.0,0.3285038574686041
827,-10.0,0.39502486486162525
828,-16.0,0.35806569959095214
829,-18.0,0.356949039560277
830,-16.0,0.3330529351369478
831,-16.0,0.3510422709659906
832,-12.0,0.3677969923155615
833,-11.0,0.3527319886343321
834,-17.0,0.30330504968878813
835,-16.0,0.3435061478812713
836,-15.0,0.39883812847256195
837,-15.0,0.4180769863014575
838,-16.0,0.40862969220324885
839,-19.0,0.29428840293257963
840,-10.0,0.4408561768796062
841,-16.0,0.38519314407312777
842,-18.0,0.36863198889477644
843,-13.0,0.35179388873802964
844,-19.0,0.32819721988926176
845,-14.0,0.37328795391658787
846,-15.0,0.40180706926912535
847,-19.0,0.3419700848753564
848,-11.0,0.41146453900728375
849,-12.0,0.3810578661359614
850,-14.0,0.40657643544545863
851,-19.0,0.29301978410512675
852,-15.0,0.33554296784859616
853,-9.0,0.4246281906380318
854,-18.0,0.3047238870203728
855,-12.0,0.46076344422181137
856,-14.0,0.41750630737806205
857,-19.0,0.32077806039887946
858,-8.0,0.43670242191001307
859,-11.0,0.45313783176243305
860,-18.0,0.3262624650960788
861,-19.0,0.2623724272416439
862,-15.0,0.3189240061765304
863,-15.0,0.33862886422139127
864,-14.0,0.4044422378647141
865,-14.0,0.3533603371179197
866,-15.0,0.3393670614605071
867,-16.0,0.3329215726844268
868,-18.0,0.3486033730659983
869,-17.0,0.36465593735920265
870,-8.0,0.4847744768630946
871,-14.0,0.3962855138233863
872,-17.0,0.4007895419781562
873,-15.0,0.4475593343086075
874,-11.0,0.4491353953781072
875,-12.0,0.33115793428441975
876,-14.0,0.427067441145482
877,-15.0,0.32300590387603734
878,-15.0,0.34247625534044346
879,-15.0,0.4388477712927852
880,-10.0,0.44221193477278575
881,-17.0,0.29615098205249524
882,-16.0,0.35241220071475254
883,-11.0,0.43413044419139624
884,-15.0,0.35182603330758866
885,-15.0,0.3785679185966728
886,-9.0,0.40240110630111303
887,-18.0,0.33559273058199324
888,-7.0,0.5121971618355019
889,-21.0,0.26046382865752093
890,-10.0,0.5181293641362572
891,-10.0,0.40879119728924707
892,-14.0,0.31946742748550605
893,-14.0,0.40535022094263695
894,-16.0,0.32233501301379874
895,-13.0,0.35645656059205066
896,-14.0,0.28297176570049487
897,-15.0,0.3107593901659129
898,-14.0,0.33819243757170625
899,-14.0,0.41033781666192226
900,-13.0,0.45921963900036644
901,-14.0,0.3273287846968742
902,-13.0,0.3635764556529466
903,-12.0,0.4234169353439938
904,-18.0,0.3088340474496363
905,-15.0,0.32209565679659136
906,-15.0,0.3299394437635783
907,-17.0,0.2602830811229069
908,-13.0,0.3841632272815332
909,-20.0,0.2252977200114401
910,-16.0,0.323983378635603
911,-12.0,0.451953440438956
912,-15.0,0.3292279770539608
913,-13.0,0.3907591637034784
914,-18.0,0.2938657367340056
915,-19.0,0.2766462629806483
916,-18.0,0.2828335004596738
917,-14.0,0.37973873407463543
918,-10.0,0.4495693752687657
919,-14.0,0.4727621187485056
920,-13.0,0.38910234968352597
921,-18.0,0.2787233150884276
922,-17.0,0.3149735159968259
923,-19.0,0.24037376954220235
924,-16.0,0.33105481672100723
925,-16.0,0.4010695193283027
926,-12.0,0.34933924484357703
927,-15.0,0.3970866421950632
928,-18.0,0.2602846304216655
929,-15.0,0.41732738475548103
930,-16.0,0.3171343277208507
931,-18.0,0.3250063577943365
932,-10.0,0.5255259314726572
933,-12.0,0.40879957110155374
934,-16.0,0.33769665271393023
935,-14.0,0.38334297748224344
936,-17.0,0.32670610236527864
937,-17.0,0.38796692427422386
938,-14.0,0.3513833186152624
939,-5.0,0.5049919545199373
940,-16.0,0.3417202751879813
941,-13.0,0.4465215121599613
942,-9.0,0.5717551325797103
943,-11.0,0.4819689169235062
944,-11.0,0.45356558865023544
945,-12.0,0.49634057746152394
946,-13.0,0.47537412770907395
947,-17.0,0.40608456060726894
948,-12.0,0.4813633572339313
949,-10.0,0.5187706706929021
950,-16.0,0.35692317309440114
951,-10.0,0.5986166890797904
952,-11.0,0.5531094576290343
953,-15.0,0.4117846524604829
954,-13.0,0.4004414577721036
955,-12.0,0.5773287484917091
956,-9.0,0.5041447840922046
957,-12.0,0.4104940899560461
958,-16.0,0.3972448849817738
959,-14.0,0.4467188892449485
960,-2.0,0.6682378735567909
961,-16.0,0.42367220192682
962,-14.0,0.49498196932836436
963,-13.0,0.48304576807277044
964,-12.0,0.4513379554118728
965,-14.0,0.46148350117437076
966,-13.0,0.43705337919527665
967,-13.0,0.5227899514575256
968,-13.0,0.48456012351380195
969,-10.0,0.5893041235976852
970,-15.0,0.47829437753534876
971,-15.0,0.4239999673154671
972,-11.0,0.5229588280490134
973,-14.0,0.48166528986621415
974,-11.0,0.4944302550138673
975,-11.0,0.5030972178501543
976,-16.0,0.40874944961979054
977,-12.0,0.5344716051185969
978,-18.0,0.42318841787346173
979,-13.0,0.5216346751403762
980,-9.0,0.5647683006391162
981,-10.0,0.6187279794903588
982,-13.0,0.41861545798019506
983,-21.0,0.28254424773331266
984,-13.0,0.437724430768867
985,-7.0,0.5298971963711665
986,-12.0,0.48141159870283445
987,-10.0,0.5550219277502038
988,-16.0,0.3051079248543829
989,-9.0,0.5112527923483867
990,-11.0,0.5443514806684107
991,-14.0,0.4983832642174093
992,-17.0,0.38490873090631794
993,-13.0,0.4958089399369783
994,-7.0,0.5885592481790809
995,-17.0,0.40165509283542633
996,-13.0,0.43900423098239116
997,-13.0,0.4757492931385059
998,-8.0,0.5993314266816014
999,-14.0,0.49178379944351036
1000,-13.0,0.42924440500792116
1001,-5.0,0.6341197532747174
1002,-17.0,0.36391047250072006
1003,-6.0,0.6280265085079009
1004,-15.0,0.4629215392196784
1005,-10.0,0.5882247163972352
1006,-8.0,0.5961658806918422
1007,-8.0,0.6149252995382994
1008,-10.0,0.577568125052494
1009,-7.0,0.6129524704956566
1010,-9.0,0.524766719492618
1011,-12.0,0.5918573775707046
1012,-12.0,0.49285105562012177
1013,-9.0,0.5719611659733346
1014,-11.0,0.5923730403228546
1015,-9.0,0.5126260218385141
1016,-11.0,0.6192952507553855
1017,-12.0,0.5901271347102011
1018,-10.0,0.5532494087383384
1019,-18.0,0.3860260840592673
1020,-15.0,0.48536879604216665
1021,-15.0,0.48192653433943633
1022,-4.0,0.6104777177315555
1023,-10.0,0.5449303664790932
1024,-11.0,0.5334407736663707
1025,-15.0,0.4635801269469084
1026,-11.0,0.4862229010905139
1027,-18.0,0.37036007462302223
1028,-15.0,0.3934935215220321
1029,-10.0,0.5864017880958272
1030,-4.0,0.7024649422892253
1031,-9.0,0.6412731393065769
1032,-14.0,0.4462202656432055
1033,-9.0,0.6955848603756749
1034,-15.0,0.4467119414039189
1035,-6.0,0.5970858143700752
1036,-7.0,0.6556226744578453
1037,-10.0,0.5563032437203219
1038,-8.0,0.558751965596457
1039,-16.0,0.4218115568801295
1040,-7.0,0.779113908065483
1041,-9.0,0.5192910933401436
1042,-15.0,0.44489805260673165
1043,-14.0,0.5084196498646634
1044,-14.0,0.5376914076914545
1045,-11.0,0.5662435490085045
1046,-11.0,0.503098262954154
1047,-14.0,0.6262192728318041
1048,-17.0,0.31864614198275376
1049,-14.0,0.5756669788024737
1050,-11.0,0.4809273465361912
1051,-14.0,0.3669290163379628
1052,-14.0,0.3436311090772506
1053,-10.0,0.5424217870022403
1054,-17.0,0.33724630980577786
1055,-11.0,0.46960072837828193
1056,-18.0,0.3749089761186042
1057,-11.0,0.4319474251024076
1058,-10.0,0.4691018592566252
1059,-7.0,0.7026712087317719
1060,-8.0,0.5172782297886442
1061,-8.0,0.5256083611529903
1062,-15.0,0.3980586081452202
1063,-16.0,0.32969772323122015
1064,-10.0,0.5138976104062749
1065,-15.0,0.3770068059238838
1066,-7.0,0.5077291145717027
1067,-5.0,0.5726209977510734
1068,-9.0,0.6043013745438657
1069,-17.0,0.33308224335632985
1070,-7.0,0.5684203753335169
1071,5.0,0.6195568114053458
1072,-13.0,0.3615843287552707
1073,-11.0,0.42695269187242957
1074,-7.0,0.5759049516054802
1075,-10.0,0.5034962427598657
1076,-11.0,0.532780283872853
1077,-20.0,0.32784578735299874
1078,-9.0,0.5227312836505007
1079,-8.0,0.4885094340716023
1080,-11.0,0.5191750209778547
1081,-15.0,0.38868785413797013
1082,-15.0,0.40600585190259153
1083,-11.0,0.5158158839549287
1084,-16.0,0.4926851313721272
1085,-13.0,0.4488236645993311
1086,-15.0,0.45254141519399127
1087,-17.0,0.32995759572077077
1088,-15.0,0.4910357437620405
1089,-8.0,0.6228924362440011
1090,-7.0,0.5914567893414642
1091,-14.0,0.5020737924933201
1092,-7.0,0.5668869253786397
1093,-10.0,0.5183596052083885
1094,-13.0,0.45772504933120217
1095,-5.0,0.7220878768348484
1096,-10.0,0.48207986793568125
1097,-8.0,0.49517493681196356
1098,-5.0,0.64428338984726
1099,-16.0,0.3399806778761558
1100,-14.0,0.40266758827783633
1101,-14.0,0.4559695271309465
1102,-9.0,0.5439645899750758
1103,-9.0,0.5659347084219917
1104,-7.0,0.6137041125184624
1105,-13.0,0.49401033684262075
1106,-11.0,0.5191166833392344
1107,-12.0,0.5701284064125502
1108,-8.0,0.526956768342643
1109,-7.0,0.5087518181826454
1110,-6.0,0.6136751049125451
1111,-15.0,0.3776787845417857
1112,-14.0,0.32987877164850943
1113,-9.0,0.5196485516426037
1114,-7.0,0.4847621186854667
1115,-12.0,0.4146109971188707
1116,-15.0,0.38004048957373016
1117,-2.0,0.607556071219733
1118,-15.0,0.4444213941169437
1119,-6.0,0.6092069235892268
1120,-11.0,0.5342922574709519
1121,-15.0,0.41148213761334773
1122,-6.0,0.6616327541560167
1123,-11.0,0.49681957489519846
1124,-15.0,0.39052192544477293
1125,-9.0,0.47950275585753843
1126,-13.0,0.45385066300514154
1127,-8.0,0.5301816170394886
1128,-11.0,0.5597240591232548
1129,-8.0,0.5027962995518465
1130,-17.0,0.3808633266526158
1131,-8.0,0.6872251163149485
1132,-11.0,0.5538309974872391
1133,-9.0,0.48698418815183686
1134,-16.0,0.3918154148996109
1135,-11.0,0.45007176023500506
1136,-11.0,0.45397112123464467
1137,-8.0,0.5660524778286344
1138,-10.0,0.603593099360296
1139,-3.0,0.6545215960140922
1140,-10.0,0.5771551530779107
1141,-11.0,0.5501115184670198
1142,-9.0,0.6256329376337817
1143,-10.0,0.58425862036529
1144,-14.0,0.5742803824978182
1145,-13.0,0.5027332756581018
1146,-8.0,0.6328892200326663
1147,-9.0,0.5862269813223975
1148,-15.0,0.39296208063024096
1149,-11.0,0.592070604172477
1150,-3.0,0.7822403244063025
1151,-17.0,0.4395215464173816
1152,-12.0,0.47560237324796617
1153,-10.0,0.4783902819472132
1154,-10.0,0.5461387239774922
1155,-5.0,0.6775797496084124
1156,-17.0,0.359575662354473
1157,-10.0,0.5887227190542035
1158,-17.0,0.3929578793613473
1159,-11.0,0.44828175417205784
1160,-7.0,0.6772313163528452
1161,-11.0,0.44926874176599085
1162,-4.0,0.6894330015784362
1163,-7.0,0.6446034301625332
1164,-12.0,0.4774379551090533
1165,-11.0,0.4771555726765655
1166,-13.0,0.5349321844987571
1167,-5.0,0.6285113228586852
1168,-13.0,0.4518454342978657
1169,-8.0,0.5320380836565164
1170,-16.0,0.3816487710282672
1171,-10.0,0.49403812270611525
1172,-12.0,0.4909895337113994
1173,-15.0,0.4598275804601144
1174,-8.0,0.6416169867952703
1175,-12.0,0.4906697145124781
1176,-17.0,0.41508418267039815
1177,-11.0,0.558419140688784
1178,-12.0,0.5769717740768101
1179,-10.0,0.48612981992482673
1180,-9.0,0.5479992895634496
1181,-10.0,0.5294754551068763
1182,-17.0,0.32150222159543773
1183,-9.0,0.5408013174455846
1184,-12.0,0.39304117661959026
1185,-15.0,0.4281824124191189
1186,-2.0,0.5889338701526867
1187,-13.0,0.4228775874871644
1188,-8.0,0.5603799312884803
1189,-9.0,0.42071682387177134
1190,-4.0,0.5985938601806993
1191,-12.0,0.4312468308125972
1192,-9.0,0.5104885620603454
1193,-8.0,0.5300033905659802
1194,-7.0,0.5305312413838692
1195,-9.0,0.5346853949231445
1196,-15.0,0.3150267382952734
1197,-7.0,0.4805216990862391
1198,-8.0,0.561479190197133
1199,-13.0,0.45445722318982007
1200,-12.0,0.4553652150570997
1201,-11.0,0.47398463950230507
1202,-9.0,0.503819411744189
1203,-12.0,0.5009950035018846
1204,-8.0,0.5706136112930835
1205,4.0,0.6166211412273697
1206,-14.0,0.40877180202369345
1207,-3.0,0.597568342644081
1208,-8.0,0.4622028555313591
1209,-14.0,0.4195646531516104
1210,-18.0,0.39104315477015916
1211,-5.0,0.5593481135001639
1212,-6.0,0.48793353894143365
1213,-12.0,0.418799652470625
1214,-12.0,0.47223253578704316
1215,-14.0,0.4344871535504353
1216,-12.0,0.3660104764494463
1217,-9.0,0.5874754176475108
1218,-3.0,0.6241313068603631
1219,-14.0,0.41043297869327944
1220,1.0,0.6451099854239146
1221,-13.0,0.41715942223527236
1222,-10.0,0.46297974392655306
1223,-12.0,0.40195700926415157
1224,-8.0,0.5050140237945016
1225,-9.0,0.5689799965621205
1226,-8.0,0.5343870765573229
1227,-11.0,0.5343839199922513
1228,-14.0,0.36522274171875324
1229,-12.0,0.4493125777080422
1230,-7.0,0.5728311393249896
1231,-1.0,0.6967970407567918
1232,-8.0,0.5460667484658188
1233,4.0,0.7055525750547531
1234,-10.0,0.5033661360284896
1235,-8.0,0.5730659678811207
1236,-4.0,0.6739286394586088
1237,-9.0,0.4907634877890814
1238,-6.0,0.6144571135228034
1239,-2.0,0.7681288659659913
1240,-12.0,0.41024501419451553
1241,-10.0,0.3821258577663684
1242,-10.0,0.5380931592153502
1243,-9.0,0.43076034516707296
1244,-8.0,0.4887657096478506
1245,-6.0,0.4878167351562297
1246,-6.0,0.5449529169200105
1247,-8.0,0.42828002506576013
1248,-8.0,0.50403954689682
1249,-12.0,0.4465220948550268
1250,-4.0,0.517539116772241
1251,-5.0,0.587207066710107
1252,-5.0,0.6474299878027523
1253,-7.0,0.5445390391978435
1254,-13.0,0.36896985866042087
1255,2.0,0.554502669860085
1256,-9.0,0.4581881745980354
1257,-4.0,0.5286765275304788
1258,1.0,0.5773790846178599
1259,-11.0,0.46638890480971895
1260,-1.0,0.6445738816983066
1261,-3.0,0.47988238965626806
1262,-11.0,0.44382537253113696
1263,6.0,0.5304221664555371
1264,-6.0,0.5720198500421247
1265,-8.0,0.5568581762854592
1266,-6.0,0.5526534887758316
1267,-6.0,0.5877719577620155
1268,-5.0,0.5256029299052898
1269,-9.0,0.5135603279486531
1270,-6.0,0.5555838657601271
1271,4.0,0.5556199220518465
1272,-16.0,0.32021958884433843
1273,-11.0,0.48557559744949685
1274,-7.0,0.5532719686962082
1275,-4.0,0.5885890389617998
1276,-9.0,0.5126769790076651
1277,-1.0,0.6178643619787181
1278,-12.0,0.43418386015400756
1279,-9.0,0.41893608422833495
1280,-7.0,0.5310718567707227
1281,-3.0,0.6129406670006574
1282,-9.0,0.5484831977737485
1283,-11.0,0.44033005081291776
1284,-3.0,0.5880241581180599
1285,-1.0,0.6305051980089047
1286,-7.0,0.5303535257044132
1287,-4.0,0.5630796476980322
1288,-10.0,0.474082896784239
1289,-8.0,0.5281581916060532
1290,-5.0,0.573544980295992
1291,-10.0,0.44478772176080383
1292,-9.0,0.5231958744843723
1293,-7.0,0.4573746504538576
1294,3.0,0.5958051625566441
1295,-5.0,0.5582941535540158
1296,-7.0,0.5096968543657567
1297,-16.0,0.3375697707888321
1298,-9.0,0.5320528449228732
1299,-15.0,0.4436877129774075
1300,-5.0,0.5990520219493192
1301,3.0,0.6601107980968663
1302,-1.0,0.7072940102443681
1303,5.0,0.6037742364787846
1304,6.0,0.6144910626462661
1305,10.0,0.5912352116283728
1306,-1.0,0.6106986544255051
1307,-8.0,0.5710581775347237
1308,-4.0,0.5607460625251406
1309,-7.0,0.5728035236097639
1310,-6.0,0.6608385421423009
1311,-14.0,0.47594230244430946
1312,-7.0,0.45833430865604896
1313,-3.0,0.5572270903066965
1314,-3.0,0.5598661523981718
1315,-6.0,0.584846367870341
1316,-9.0,0.5502058806159766
1317,-4.0,0.5415519474991015
1318,4.0,0.6438638298859587
1319,-7.0,0.6091571341676172
1320,-2.0,0.5707341385204927
1321,-11.0,0.42497779768746113
1322,-5.0,0.5009241559964721
1323,-6.0,0.49662375645857537
1324,-5.0,0.507915485133708
1325,-10.0,0.48357771558949025
1326,-5.0,0.5304519766723388
1327,-3.0,0.5744880056008697
1328,-11.0,0.44165838414846803
1329,1.0,0.6579455314858933
1330,-4.0,0.5909425584904966
1331,-8.0,0.5558065224540769
1332,-9.0,0.5155686579455505
1333,5.0,0.5393695306556765
1334,5.0,0.5645262102698325
1335,-4.0,0.5770991895333282
1336,2.0,0.6884663281016401
1337,4.0,0.7068509728705976
1338,3.0,0.6220110822032439
1339,2.0,0.5665354805387324
1340,2.0,0.6173311016027583
1341,2.0,0.5990315916133113
1342,-6.0,0.5271741097531049
1343,-8.0,0.3754977995340596
1344,-16.0,0.28925454638374504
1345,-4.0,0.5096330497544841
1346,-14.0,0.31031587361212587
1347,1.0,0.6963317002882832
1348,5.0,0.5504580253400491
1349,1.0,0.6207749892419088
1350,5.0,0.4771322390588466
1351,2.0,0.7319817439347389
1352,-2.0,0.661551445882651
1353,-3.0,0.6869393210799899
1354,-7.0,0.5950695973660913
1355,-8.0,0.5091327999543864
1356,-6.0,0.5799265362875303
1357,6.0,0.7936772943139658
1358,4.0,0.6730641257527168
1359,-4.0,0.6404714106029132
1360,1.0,0.669382919142663
1361,-5.0,0.5391022861367674
1362,7.0,0.5373469469996053
1363,-4.0,0.4773899098872789
1364,-10.0,0.5125757946370868
1365,1.0,0.72471150423371
1366,-6.0,0.5290164529724279
1367,-4.0,0.6388126340607414
1368,-1.0,0.6471356647089124
1369,-3.0,0.6823703589616343
1370,1.0,0.604802717185521
1371,8.0,0.649172687830287
1372,2.0,0.7007276190488483
1373,-12.0,0.4492299607372843
1374,-12.0,0.4577540425234474
1375,-1.0,0.7590498987337924
1376,-7.0,0.521606171336316
1377,-7.0,0.48018043074262096
1378,-4.0,0.6338205423744512
1379,4.0,0.7302866636018734
1380,1.0,0.8282452502753586
1381,-8.0,0.5089590249917819
1382,-1.0,0.7549381588760298
1383,2.0,0.6628921973970137
1384,6.0,0.5940882006398169
1385,-5.0,0.6523822792805731
1386,-5.0,0.648128189779527
1387,-5.0,0.5765974955866113
1388,-1.0,0.706099850620376
1389,4.0,0.642299987586739
1390,-6.0,0.6410834606867866
1391,-9.0,0.5903686272067716
1392,2.0,0.6097583210212179
1393,6.0,0.551150799561583
1394,1.0,0.6725718395391596
1395,5.0,0.7361800321814371
1396,3.0,0.5659131896172767
1397,-4.0,0.6283823918056441
1398,1.0,0.692927710893855
1399,3.0,0.5547572267023497
1400,9.0,0.4761493586192955
1401,-5.0,0.6179280042488244
1402,10.0,0.5377632122253999
1403,2.0,0.6306731912336545
1404,9.0,0.4981365230123629
1405,3.0,0.5361282305784698
1406,12.0,0.4090547589585185
1407,13.0,0.36424832329066703
1408,7.0,0.4866018333414104
1409,3.0,0.6131738937256159
1410,11.0,0.42677908824407496
1411,13.0,0.519031212948903
1412,2.0,0.6287177955164225
1413,16.0,0.33767602885200176
1414,8.0,0.520893243534374
1415,7.0,0.5032837235776242
1416,10.0,0.4393906005352619
1417,8.0,0.5217596565271378
1418,5.0,0.5184062099215225
1419,10.0,0.436865867835877
1420,3.0,0.5449987373649492
1421,13.0,0.4145766578367329
1422,11.0,0.42537971497222316
1423,-1.0,0.6201733156485716
1424,13.0,0.42307649310532724
1425,9.0,0.34846564453619067
1426,11.0,0.4029186694388045
1427,13.0,0.4599932879282278
1428,10.0,0.3614806622354081
1429,9.0,0.4574779970571399
1430,11.0,0.420918745759991
1431,14.0,0.4208781624256517
1432,16.0,0.3429591557433014
1433,7.0,0.4711440622486407
1434,-9.0,0.4014135212637484
1435,9.0,0.40923383532935986
1436,10.0,0.37632443595066434
1437,7.0,0.4042419216784765
1438,10.0,0.45854960272845346
1439,14.0,0.35213181721337605
1440,-2.0,0.4773452866647858
1441,8.0,0.47042254348343704
1442,10.0,0.48990086298726965
1443,11.0,0.4419756159913959
1444,11.0,0.448054975749983
1445,9.0,0.4325533128067036
1446,13.0,0.39387880207505077
1447,14.0,0.37770897064183373
1448,11.0,0.36547927492210874
1449,7.0,0.4309294195845723
1450,8.0,0.3730794847215293
1451,10.0,0.41215896626817994
1452,6.0,0.4260394626762718
1453,16.0,0.308041541291459
1454,11.0,0.3401090638435562
1455,9.0,0.41878220430226065
1456,8.0,0.38063588133081794
1457,14.0,0.36294782999902964
1458,2.0,0.44986385829542996
1459,10.0,0.37595313185011037
1460,15.0,0.4199071563925827
1461,10.0,0.4267770229416783
1462,-8.0,0.3152107186979265
1463,4.0,0.450730842363555
1464,9.0,0.5174857525271364
1465,8.0,0.38713555193680804
1466,3.0,0.5386482979374705
1467,11.0,0.3752234405037598
1468,13.0,0.3634357817063574
1469,15.0,0.3524330589279998
1470,17.0,0.3110715355578577
1471,17.0,0.32796533946384443
1472,14.0,0.3252523213159293
1473,15.0,0.31901981488772435
1474,18.0,0.29001825183513574
1475,17.0,0.25818483480543364
1476,16.0,0.24848662671865895
1477,16.0,0.3059093302799738
1478,15.0,0.26598358193587046
1479,16.0,0.24812744779046625
1480,-3.0,0.5056208933383459
1481,9.0,0.41579596757947
1482,14.0,0.27647377777611837
1483,16.0,0.2823688869684702
1484,13.0,0.32506765975267626
1485,14.0,0.3319715830584755
1486,10.0,0.3374106235423824
1487,15.0,0.2919401815524907
1488,16.0,0.2844793441836373
1489,16.0,0.2758418459634413
1490,16.0,0.2779659758962225
1491,11.0,0.3030369597254321
1492,4.0,0.43353962235414656
1493,13.0,0.29098984591837507
1494,15.0,0.25197362532344414
1495,11.0,0.27857875021072687
1496,10.0,0.36718222066701856
1497,7.0,0.36336189966095844
1498,8.0,0.35884493975754594
1499,17.0,0.24442802776684402
1500,15.0,0.30912633478146745
1501,7.0,0.42895405946910614
1502,15.0,0.28837484108953504
1503,13.0,0.3612159944168525
1504,17.0,0.28895735441619763
1505,18.0,0.2285450331546599
1506,20.0,0.22254603409965057
1507,20.0,0.22128204872933566
1508,16.0,0.31199075977201574
1509,19.0,0.22128984308801591
1510,18.0,0.22342041863885242
1511,15.0,0.2824084993553697
1512,10.0,0.39050886430050014
1513,12.0,0.3007610013737576
1514,19.0,0.20520373711769935
1515,10.0,0.4003824161554803
1516,15.0,0.24130994123697747
1517,11.0,0.30246398743474856
1518,18.0,0.1984751383861294
1519,7.0,0.35808188712690026
1520,15.0,0.2691834691577242
1521,16.0,0.2278325269726338
1522,19.0,0.1941644903490669
1523,19.0,0.22207673102093395
1524,15.0,0.297510888245597
1525,19.0,0.24448162430053344
1526,14.0,0.27616767068684567
1527,15.0,0.2405658854986541
1528,13.0,0.3058738861436723
1529,10.0,0.35133258486166596
1530,19.0,0.2313199791678926
1531,18.0,0.2583935506991111
1532,7.0,0.3552537582072546
1533,18.0,0.2561544267227873
1534,17.0,0.2705181321143755
1535,11.0,0.3642807574433391
1536,11.0,0.3256497371912701
1537,12.0,0.3178494854000746
1538,11.0,0.3917508511876804
1539,18.0,0.2309054935540189
1540,5.0,0.38626764754008036
1541,15.0,0.2865184109978145
1542,5.0,0.35314032941823825
1543,13.0,0.34439708766149124
1544,15.0,0.3289707840231131
1545,9.0,0.38859696783765685
1546,19.0,0.2107436642763787
1547,18.0,0.2918346377045964
1548,20.0,0.20514371666649822
1549,18.0,0.2574026115180459
1550,16.0,0.24234578887262614
1551,17.0,0.2591823540715268
1552,13.0,0.3334134039832861
1553,15.0,0.2987029656287632
1554,13.0,0.2585559028593707
1555,15.0,0.227118421891646
1556,2.0,0.4422019888370414
1557,12.0,0.2904938117171696
1558,4.0,0.35717093107814435
1559,19.0,0.20982436388294445
1560,19.0,0.2685183296125615
1561,11.0,0.33881532503437484
1562,14.0,0.27463179470942123
1563,8.0,0.38569918426219374
1564,8.0,0.41780299270612886
1565,7.0,0.3336945239279885
1566,6.0,0.3526621740384144
1567,14.0,0.2993600920890458
1568,15.0,0.2836644028866431
1569,11.0,0.247034442043514
1570,-3.0,0.35693439978786046
1571,1.0,0.41599322383262916
1572,13.0,0.25941607518325327
1573,5.0,0.3973134889092762
1574,13.0,0.2975104408469633
1575,17.0,0.24178987101186067
1576,14.0,0.2821852251945529
1577,18.0,0.22003737221530173
1578,15.0,0.3063196361399605
1579,12.0,0.39100372729444643
1580,18.0,0.23010894563049078
1581,8.0,0.3676011947609368
1582,3.0,0.41564156337699387
1583,6.0,0.3409776742410031
1584,12.0,0.3190350030490663
1585,12.0,0.2784107685292838
1586,9.0,0.35186734204762615
1587,13.0,0.30710087963961996
1588,19.0,0.21039703177666524
1589,14.0,0.26674530123273144
1590,17.0,0.22343514588283142
1591,18.0,0.24580379135295516
1592,10.0,0.32928021263796836
1593,19.0,0.2082479914824944
1594,15.0,0.28115156454441603
1595,-5.0,0.37028269193979213
1596,16.0,0.26468314649537206
1597,2.0,0.44457246824822505
1598,1.0,0.39055570219352376
1599,18.0,0.22058073427615454
1600,15.0,0.27807051136915106
1601,17.0,0.2240534770899103
1602,15.0,0.2511459571469459
1603,12.0,0.38194842389202677
1604,12.0,0.2616415795273497
1605,14.0,0.2596478365303483
1606,12.0,0.27208666913429624
1607,12.0,0.3203308131705853
1608,16.0,0.2525028983509401
1609,11.0,0.2918718950895709
1610,16.0,0.24351102803484537
1611,15.0,0.2892446096884669
1612,12.0,0.33446571734020836
1613,16.0,0.28320120243006386
1614,17.0,0.2256377255980624
1615,15.0,0.2535691841330845
1616,3.0,0.40952744111564243
1617,17.0,0.2614338405255694
1618,14.0,0.2982883385338937
1619,18.0,0.2338100089400541
1620,18.0,0.2171226010323153
1621,10.0,0.28224673004297074
1622,14.0,0.24629930803348543
1623,9.0,0.3521865036163945
1624,15.0,0.22422225040645571
1625,20.0,0.19040719957411056
1626,11.0,0.32835613426868804
1627,21.0,0.18081114645246998
1628,17.0,0.19080077276885277
1629,15.0,0.24443209646415198
1630,5.0,0.2720730413348065
1631,19.0,0.18513318843906745
1632,16.0,0.2566974811270484
1633,15.0,0.2624030524493719
1634,17.0,0.21428634158655768
1635,16.0,0.21530290433292976
1636,20.0,0.19396785712888232
1637,10.0,0.33712895930511877
1638,20.0,0.16904550145045505
1639,19.0,0.17885756849500467
1640,18.0,0.22701406548003433
1641,17.0,0.24472725034866016
1642,21.0,0.16617128115103696
1643,20.0,0.18169002060312778
1644,17.0,0.2237581402696378
1645,17.0,0.25782665696533513
1646,16.0,0.23907624874846078
1647,17.0,0.19267937451877515
1648,17.0,0.20623876565878163
1649,21.0,0.19373970776359783
1650,10.0,0.32199566351482645
1651,21.0,0.15500477855675854
1652,20.0,0.148274248578673
1653,15.0,0.22823258492644527
1654,21.0,0.17308404911455
1655,15.0,0.2802699539824971
1656,20.0,0.17685484044341138
1657,13.0,0.2570025688110036
1658,20.0,0.1946736237150617
1659,21.0,0.1532639282377204
1660,15.0,0.2339617044708575
1661,11.0,0.2383479996715323
1662,20.0,0.1702585840539541
1663,16.0,0.22155107168509858
1664,19.0,0.19951481394673465
1665,17.0,0.19582839352733572
1666,17.0,0.1924702553951647
1667,17.0,0.16636557014498976
1668,15.0,0.2402593668011832
1669,12.0,0.2675436610079487
1670,11.0,0.2538627707908745
1671,19.0,0.17798001897608628
1672,19.0,0.18400289271812653
1673,19.0,0.1975061581688351
1674,17.0,0.2117894311741111
1675,14.0,0.24576498904571054
1676,12.0,0.2659704255493125
1677,16.0,0.22540136590396287
1678,17.0,0.23962249724354479
1679,14.0,0.2295423786090396
1680,13.0,0.2879768770071678
1681,18.0,0.2447095671086572
1682,21.0,0.1728158730584255
1683,7.0,0.2953158222298953
1684,11.0,0.3081107805846841
1685,15.0,0.2501584868878126
1686,17.0,0.20963292737360462
1687,15.0,0.24975244684537756
1688,18.0,0.21341062636201968
1689,18.0,0.22797199030901538
1690,19.0,0.19251657404674916
1691,18.0,0.2347388626440079
1692,16.0,0.2741713790310314
1693,10.0,0.329620941709436
1694,18.0,0.15589363879553275
1695,18.0,0.2150260599773901
1696,10.0,0.29361816755408654
1697,20.0,0.16834438200021395
1698,14.0,0.23077193163408083
1699,7.0,0.2976411227573408
1700,14.0,0.2887080664841051
1701,19.0,0.1869043850383605
1702,12.0,0.28263362932921154
1703,17.0,0.21236247581691714
1704,19.0,0.2198945681884652
1705,15.0,0.27412354616535595
1706,16.0,0.26136529788709595
1707,16.0,0.24415194996618084
1708,15.0,0.23609160671912832
1709,15.0,0.26653824844106566
1710,19.0,0.1945638443576172
1711,17.0,0.22900318939719
1712,14.0,0.3034153548651375
1713,18.0,0.18079115992077277
1714,21.0,0.16236978796951007
1715,13.0,0.24399926687328843
1716,7.0,0.3365661956486292
1717,20.0,0.1750282334323856
1718,12.0,0.2998321808554465
1719,19.0,0.17733240999950795
1720,12.0,0.2984605623205425
1721,14.0,0.2435252600153035
1722,20.0,0.1588110419252189
1723,21.0,0.13581169017561479
1724,15.0,0.28038593386736466
1725,10.0,0.30171737274940824
1726,16.0,0.2022190246716491
1727,17.0,0.2270973937556846
1728,16.0,0.22422577554243617
1729,20.0,0.15996090412227204
1730,18.0,0.1584468540022499
1731,16.0,0.20396391548638348
1732,16.0,0.2173169073430472
1733,19.0,0.1913957124488661
1734,16.0,0.18979558076171088
1735,18.0,0.1869812335280585
1736,21.0,0.14451537892819033
1737,19.0,0.1778771895551472
1738,19.0,0.1912203973661235
1739,11.0,0.26438344585039886
1740,14.0,0.22408552673005033
1741,18.0,0.17767127571278252
1742,13.0,0.2778773541285773
1743,17.0,0.18836298324822565
1744,15.0,0.19828563299233792
1745,17.0,0.19810717726068106
1746,19.0,0.18603801432618639
1747,21.0,0.14662502764622332
1748,18.0,0.15848447252938058
1749,15.0,0.21770657654997194
1750,15.0,0.2246251391043188
1751,19.0,0.18027420450380305
1752,19.0,0.1585729434809764
1753,20.0,0.15666484068788122
1754,17.0,0.18904300744907232
1755,20.0,0.15378276940100477
1756,15.0,0.20508517977577867
1757,19.0,0.14899714550483623
1758,14.0,0.263576574408944
1759,20.0,0.1591069353489729
1760,13.0,0.23518817367585143
1761,21.0,0.14237321047767182
1762,16.0,0.1912590924257529
1763,18.0,0.18498417370574316
1764,18.0,0.16804663678703946
1765,14.0,0.23223152678474435
1766,17.0,0.21819016139488667
1767,21.0,0.13713816929157474
1768,15.0,0.19496987040474778
1769,21.0,0.10917656300807721
1770,12.0,0.23489103553220048
1771,18.0,0.16748157730762614
1772,15.0,0.22688703905805596
1773,19.0,0.14079111332830507
1774,20.0,0.12485020764870569
1775,18.0,0.12340800073070568
1776,15.0,0.20966525719268247
1777,15.0,0.19687762764806394
1778,15.0,0.2306741399988823
1779,21.0,0.13500416040187702
1780,19.0,0.18538987435022136
1781,12.0,0.2579666914753034
1782,20.0,0.11125996193004539
1783,16.0,0.18343860272943857
1784,14.0,0.2812575423376984
1785,20.0,0.13897172961878823
1786,19.0,0.16188382773907506
1787,17.0,0.17593204762306414
1788,14.0,0.16160807887717965
1789,21.0,0.12388340703182621
1790,20.0,0.1233180718118092
1791,14.0,0.20812649060826516
1792,16.0,0.21859153550394694
1793,19.0,0.1463888414145913
1794,19.0,0.11796063780639088
1795,14.0,0.19616213486006018
1796,19.0,0.15133529261220247
1797,21.0,0.12768927004435682
1798,20.0,0.12889552749402355
1799,18.0,0.1570924555308011
1800,16.0,0.1773051496820699
1801,16.0,0.17225381078242208
1802,18.0,0.14772596169495955
1803,19.0,0.1265375337425212
1804,19.0,0.12438350597949466
1805,19.0,0.14945405194157502
1806,19.0,0.12771545477880863
1807,18.0,0.18886337961885147
1808,20.0,0.1099628682131879
1809,19.0,0.13089363216931815
1810,19.0,0.1388041553327639
1811,20.0,0.13445125746147824
1812,15.0,0.1702716691797832
1813,17.0,0.20441617794131162
1814,18.0,0.16568928995911847
1815,20.0,0.1221800530438486
1816,12.0,0.22123685697079054
1817,15.0,0.16199391514237504
1818,18.0,0.12390359787968919
1819,20.0,0.10373856610385701
1820,18.0,0.1452727635660267
1821,20.0,0.1207346414339554
1822,16.0,0.19438582227303414
1823,18.0,0.13856525495430105
1824,19.0,0.12232431978918612
1825,19.0,0.14640430510917213
1826,18.0,0.14508069294970483
1827,18.0,0.12582850037142634
1828,20.0,0.12648187482409412
1829,17.0,0.15556847138577723
1830,18.0,0.16138090554522933
1831,19.0,0.1463981271335797
1832,16.0,0.13390568315662676
1833,20.0,0.1193671967866976
1834,19.0,0.12590450048446655
1835,20.0,0.1435734021506505
1836,17.0,0.16982349619866
1837,18.0,0.14159514624043368
1838,20.0,0.1261260439750913
1839,18.0,0.13958266896224814
1840,18.0,0.13125532111007487
1841,18.0,0.18054893831140362
1842,18.0,0.13237396478507435
1843,20.0,0.11613826679604244
1844,20.0,0.12513800717351842
1845,17.0,0.16129881962478976
1846,18.0,0.14768719951825915
1847,20.0,0.11504657938712626
1848,19.0,0.12495063639653381
1849,20.0,0.13070062898259494
1850,18.0,0.16529822229858837
1851,20.0,0.11537161469095736
1852,20.0,0.12051453266030876
1853,19.0,0.13455558940040646
1854,21.0,0.12396248864024528
1855,18.0,0.1316298378369538
1856,18.0,0.1487460706885031
1857,19.0,0.11941841265070252
1858,19.0,0.1173369217030995
1859,17.0,0.1395565116472426
1860,20.0,0.14469151064622565
1861,19.0,0.13257691575199715
1862,20.0,0.11282583774300292
1863,20.0,0.10592176305362955
1864,19.0,0.11286230998666724
1865,18.0,0.15359674111095956
1866,21.0,0.11795899801290943
1867,19.0,0.11529750736008282
1868,18.0,0.1386804535286501
1869,20.0,0.10837251745761023
1870,19.0,0.12012108455019188
1871,18.0,0.1401221040141536
1872,16.0,0.13156261005497072
1873,21.0,0.11547191182762617
1874,18.0,0.1333270920913492
1875,18.0,0.1315277786234219
1876,20.0,0.12102271946787369
1877,19.0,0.10711561459902441
1878,19.0,0.11690219636511756
1879,20.0,0.10699075079901377
1880,21.0,0.10355878529662732
1881,20.0,0.12644117434319924
1882,18.0,0.13248429610030144
1883,20.0,0.11167265459880582
1884,19.0,0.11479779809451429
1885,19.0,0.10791173673715093
1886,18.0,0.13983272315454087
1887,20.0,0.13493249078965164
1888,16.0,0.14463395962229697
1889,13.0,0.12288466481186333
1890,14.0,0.14569157110599917
1891,20.0,0.13325557114876574
1892,19.0,0.13343396488926373
1893,19.0,0.10712704107208992
1894,21.0,0.10197278397390619
1895,17.0,0.11850175478684832
1896,20.0,0.11409253528472618
1897,20.0,0.13042975419739378
1898,19.0,0.11506575367457117
1899,21.0,0.10060429908480728
1900,20.0,0.11324338273334433
1901,21.0,0.10166973419472924
1902,20.0,0.11535566234306316
1903,21.0,0.11442569650171208
1904,19.0,0.12404503258949262
1905,20.0,0.09772956615415751
1906,19.0,0.10803943164137308
1907,11.0,0.11808406129057403
1908,17.0,0.13516187965797144
1909,18.0,0.11473325154656777
1910,20.0,0.11711330133039155
1911,21.0,0.08909830425545806
1912,21.0,0.08685924243036425
1913,21.0,0.10896692092501326
1914,20.0,0.10724397124067764
1915,17.0,0.12451537846936844
1916,20.0,0.10099271930812392
1917,20.0,0.09573186143825296
1918,19.0,0.10915789448336
1919,15.0,0.16206457417501952
1920,19.0,0.1111379231333558
1921,19.0,0.11414970254554646
1922,21.0,0.09447192336665466
1923,20.0,0.113695263324189
1924,20.0,0.12327551195267006
1925,20.0,0.10474498281109845
1926,20.0,0.10119109770676005
1927,21.0,0.09959092878852971
1928,19.0,0.1154471711779479
1929,19.0,0.11678569573632558
1930,21.0,0.1019424192563747
1931,20.0,0.11933718751606648
1932,19.0,0.1059784168828628
1933,20.0,0.09465511312373565
1934,20.0,0.09703021698078373
1935,20.0,0.13555462007934693
1936,20.0,0.10655579841477447
1937,18.0,0.11015043691077153
1938,18.0,0.1112243053939892
1939,21.0,0.07942844645185687
1940,18.0,0.12561032941448502
1941,19.0,0.11904852329462301
1942,20.0,0.09901791112133651
1943,19.0,0.1176108654581185
1944,21.0,0.10233437744682305
1945,20.0,0.0995174492309161
1946,20.0,0.10565813559514936
1947,20.0,0.11221606975232135
1948,18.0,0.1237247397111787
1949,18.0,0.10415515564818634
1950,13.0,0.1574560198077961
1951,20.0,0.0993896119944111
1952,18.0,0.10919222638767678
1953,21.0,0.09735592881042976
1954,20.0,0.09325536693177128
1955,21.0,0.08025975131022278
1956,16.0,0.15627390128429397
1957,21.0,0.09747638611224829
1958,20.0,0.09769747388054384
1959,20.0,0.11357132932607783
1960,21.0,0.08066528183917399
1961,18.0,0.12411166667880025
1962,17.0,0.1161189264166751
1963,21.0,0.08164363566902466
1964,19.0,0.08265911973467155
1965,20.0,0.09859565346596355
1966,20.0,0.10895674499624874
1967,20.0,0.10453088586291415
1968,19.0,0.11412660260975827
1969,20.0,0.1035179026912374
1970,18.0,0.11942335444837227
1971,19.0,0.10141962000489002
1972,21.0,0.10544442543323385
1973,19.0,0.10607002711549285
1974,21.0,0.08046985395230877
1975,21.0,0.09383658601655043
1976,20.0,0.09472739076227299
1977,18.0,0.11770213695126586
1978,21.0,0.10023419425851898
1979,20.0,0.10459972626631497
1980,20.0,0.0856358934470336
1981,21.0,0.0879494008495385
1982,20.0,0.10440326444222592
1983,21.0,0.10998572408061591
1984,20.0,0.1051917250151746
1985,21.0,0.09178155279369093
1986,20.0,0.0895879075578705
1987,18.0,0.11455778014897078
1988,20.0,0.1081334836599126
1989,21.0,0.09019992598769022
1990,21.0,0.09080702728169854
1991,19.0,0.0925855774221418
1992,21.0,0.0848906636274478
1993,19.0,0.10331507711089216
1994,20.0,0.1271264520837576
1995,20.0,0.11619871772563783
1996,20.0,0.11297563003972755
1997,19.0,0.10688101087362156
1998,21.0,0.09408882525167428
1999,21.0,0.09959634397819173
2000,20.0,0.11534584013134008
2001,19.0,0.10914803444393328
2002,21.0,0.0874146194291825
2003,19.0,0.08879530588455964
2004,19.0,0.09990367928912747
2005,21.0,0.10938200947930454
2006,20.0,0.0840132294142677
2007,20.0,0.11077188710260089
2008,21.0,0.08178865037916694
2009,20.0,0.08819659827349824
2010,21.0,0.07599136130011175
2011,20.0,0.12449580743486877
2012,20.0,0.0965732098375156
2013,17.0,0.10136354485803167
2014,20.0,0.10483739549636084
2015,16.0,0.10530162548820954
2016,19.0,0.13079547384404577
2017,20.0,0.11491327994372114
2018,20.0,0.1011174901141203
2019,18.0,0.1059837265383976
2020,20.0,0.09856488454352075
2021,19.0,0.12544859345143777
2022,17.0,0.13173210446257144
2023,21.0,0.08833456900538295
2024,20.0,0.08792845444622799
2025,19.0,0.10699062234198209
2026,20.0,0.10283284425531747
2027,20.0,0.10685861405363539
2028,18.0,0.09983120674951351
2029,21.0,0.08262010190810543
2030,21.0,0.07894071900409472
2031,18.0,0.11593119789540651
2032,19.0,0.1147665907665214
2033,18.0,0.10249929017663817
2034,19.0,0.10129247295117239
2035,18.0,0.11272862424448249
2036,20.0,0.08794627682618739
2037,21.0,0.10173914406368567
2038,21.0,0.08297685798424936
2039,18.0,0.09615937976741407
2040,20.0,0.08970424705512414
2041,20.0,0.09408116468694061
2042,20.0,0.07587021274957806
2043,21.0,0.10056809681918821
2044,21.0,0.07574783602831303
2045,20.0,0.09878196723002475
2046,19.0,0.08551624301435368
2047,20.0,0.08868109374088817
2048,20.0,0.0954388025093067
2049,21.0,0.091522195511061
2050,19.0,0.09460088534797251
2051,21.0,0.07860252321552252
2052,20.0,0.09183460459826165
2053,20.0,0.08136848134745378
2054,19.0,0.11401528965507168
2055,20.0,0.10099478501433623
2056,18.0,0.1036616236451664
2057,21.0,0.09339898664984503
2058,18.0,0.11248667767358711
2059,20.0,0.10117335967515828
2060,21.0,0.10161555343438522
2061,19.0,0.08193742613002541
2062,20.0,0.07582353552425047
2063,20.0,0.0906605809359462
2064,21.0,0.07843466205667937
2065,21.0,0.09436202284814499
2066,21.0,0.09749059894966194
2067,20.0,0.08255396499225753
2068,19.0,0.09188514817651594
2069,20.0,0.09894049227659707
2070,20.0,0.09036704697609821
2071,21.0,0.11789939779191627
2072,21.0,0.0835020560589328
2073,20.0,0.08672400610157638
2074,19.0,0.0932863162142894
2075,20.0,0.08914394284875016
2076,20.0,0.10061451035289792
2077,20.0,0.10547244159170077
2078,21.0,0.09083593882678542
2079,20.0,0.0841762156560435
2080,21.0,0.07920280559483217
2081,19.0,0.08786754668471985
2082,19.0,0.11433806923378143
2083,20.0,0.10027877297761734
2084,21.0,0.08083605235879077
2085,19.0,0.08279814887282555
2086,20.0,0.08352898623888905
2087,19.0,0.08686374132230412
2088,19.0,0.10991394264055998
2089,21.0,0.09348782171946368
2090,20.0,0.07413191582054424
2091,21.0,0.08274221458304964
2092,20.0,0.08160647030854307
2093,20.0,0.08269435795409663
2094,21.0,0.10031482214981224
2095,20.0,0.07689996056069504
2096,21.0,0.07831562730279984
2097,21.0,0.07616378292550507
2098,19.0,0.0784417689392285
2099,16.0,0.11795791423355695
2100,16.0,0.0979125450758147
2101,20.0,0.07178235586252413
2102,21.0,0.06813395846256753
2103,21.0,0.07086380848340923
2104,20.0,0.07451810780912638
2105,21.0,0.08797330461311503
2106,20.0,0.08759310480309068
2107,20.0,0.07241514663837734
2108,20.0,0.0689545754212304
2109,18.0,0.07554638693545712
2110,20.0,0.08730123308123439
2111,21.0,0.07953655822348082
2112,19.0,0.09692605151576572
2113,21.0,0.07402342647765181
2114,20.0,0.0711043775336293
2115,20.0,0.0763381899560045
2116,20.0,0.08136572687726584
2117,18.0,0.09524041510485404
2118,20.0,0.07497151195275364
2119,21.0,0.07023336864585872
2120,18.0,0.0778086477148463
2121,20.0,0.0934697107250031
2122,21.0,0.08922311395144789
2123,21.0,0.08053328879759647
2124,21.0,0.07357215309275489
2125,21.0,0.06260239847870253
2126,19.0,0.07747193571776734
2127,20.0,0.0935489696694276
2128,21.0,0.07689000882237451
2129,18.0,0.10134932711662259
2130,19.0,0.06742458131338935
2131,20.0,0.06425194808616652
2132,20.0,0.08410779740006546
2133,19.0,0.06981903539963241
2134,20.0,0.08476759515906451
2135,21.0,0.06625162418640684
2136,20.0,0.078371689434789
2137,14.0,0.09894621613238996
2138,19.0,0.08588033899650327
2139,17.0,0.1104939175711479
2140,21.0,0.07334785365674179
2141,20.0,0.06347103717416758
2142,21.0,0.06548952404591546
2143,20.0,0.09286116250950727
2144,20.0,0.09109483714200906
2145,21.0,0.07205180638629827
2146,19.0,0.07395598977564077
2147,20.0,0.06990914113703184
2148,21.0,0.06914695147497696
2149,20.0,0.0898569020719151
2150,20.0,0.07767088793843868
2151,21.0,0.06294982668259763
2152,21.0,0.0682194845048798
2153,19.0,0.08423264368866512
2154,18.0,0.09829731739955605
2155,19.0,0.08994233392149908
2156,20.0,0.06861956282409665
2157,19.0,0.07202348876307951
2158,21.0,0.06186621378947166
2159,21.0,0.06549429412007157
2160,17.0,0.11036440538737224
2161,19.0,0.07515990435240383
2162,21.0,0.05859719820546161
2163,21.0,0.052601458422941505
2164,21.0,0.06260822268450283
2165,20.0,0.07757385714830889
2166,21.0,0.0796893527294742
2167,21.0,0.05987962286417314
2168,21.0,0.06871783003407472
2169,20.0,0.07211964408998028
2170,21.0,0.07392126591366832
2171,20.0,0.10593669144145679
2172,20.0,0.06902349854499334
2173,19.0,0.07408455900804256
2174,21.0,0.056587016208140994
2175,21.0,0.0617983243882918
2176,20.0,0.06270347518147901
2177,19.0,0.08727561303021503
2178,20.0,0.07622685027126863
2179,21.0,0.06436581656816998
2180,16.0,0.07492935737172957
2181,17.0,0.08275506350946671
2182,20.0,0.09990453595491999
2183,21.0,0.06194084943490452
2184,20.0,0.057234207559304195
2185,21.0,0.06821875629066199
2186,17.0,0.06880257742977847
2187,21.0,0.06044847767770989
2188,21.0,0.08814164391515078
2189,18.0,0.08386405182500312
2190,18.0,0.08265023478634248
2191,21.0,0.06444771980022779
2192,15.0,0.08614576553736697
2193,21.0,0.08409098975789675
2194,20.0,0.07710587115798262
2195,20.0,0.06881153952053864
2196,21.0,0.05629266283176548
2197,20.0,0.06813458910983172
2198,21.0,0.06566717773785058
2199,20.0,0.09241848071906134
2200,21.0,0.06303017232676211
2201,21.0,0.05450961578389979
2202,21.0,0.06308127272495767
2203,20.0,0.05651715128624346
2204,19.0,0.07974928073417686
2205,20.0,0.06601708824746311
2206,21.0,0.06303930860121909
2207,16.0,0.0847787633229018
2208,20.0,0.0626857484876382
2209,21.0,0.06007937531467178
2210,20.0,0.08074015530837642
2211,20.0,0.06786882587402943
2212,19.0,0.07580345827227575
2213,20.0,0.05863571456029604
2214,20.0,0.05959521649492672
2215,20.0,0.08139284653043433
2216,19.0,0.08031250785461452
2217,19.0,0.06220629192466731
2218,21.0,0.057106898122583516
2219,21.0,0.06197205279386253
2220,21.0,0.05400680695493065
2221,19.0,0.08540810984413838
2222,20.0,0.06825678590757889
2223,21.0,0.06824195706758474
2224,18.0,0.05694084619972273
2225,20.0,0.06576574023347348
2226,21.0,0.05583976517300471
2227,19.0,0.10486097345346934
2228,20.0,0.07363357373287727
2229,18.0,0.06366681851068279
2230,20.0,0.05766148477778188
2231,19.0,0.068579533322918
2232,19.0,0.07785470899216307
2233,20.0,0.06610501252544054
2234,19.0,0.05948433984121948
2235,21.0,0.056821699188731145
2236,20.0,0.054774190135503886
2237,21.0,0.048284227603289764
2238,20.0,0.0778496665898274
2239,19.0,0.05985836741729145
2240,20.0,0.04766612986168184
2241,21.0,0.05877551116645918
2242,20.0,0.052335924546241586
2243,20.0,0.06995783497586672
2244,20.0,0.06454254825257522
2245,21.0,0.0487009453590872
2246,21.0,0.05881146005594928
2247,21.0,0.0544174017613841
2248,20.0,0.051665404746017884
2249,21.0,0.062200795418903
2250,18.0,0.06847896480758209
2251,19.0,0.06535184116910386
2252,17.0,0.060222146812520805
2253,21.0,0.05383845226242556
2254,16.0,0.08903795903097489
2255,20.0,0.05704725553550816
2256,20.0,0.056547206644609105
2257,21.0,0.05265388355292089
2258,15.0,0.05588950234687218
2259,19.0,0.06397736487633665
2260,21.0,0.05795491847493395
2261,19.0,0.053574103380015003
2262,21.0,0.05212156616471475
2263,18.0,0.05298984574255883
2264,20.0,0.0508235305587732
2265,20.0,0.05905178659668309
2266,19.0,0.05663763334268879
2267,20.0,0.05056280804274138
2268,21.0,0.044597032079764176
2269,20.0,0.057674446350574726
2270,20.0,0.04755326665690518
2271,20.0,0.06295519434934249
2272,20.0,0.061978755720701884
2273,19.0,0.0491099970167852
2274,21.0,0.046758280218455184
2275,21.0,0.04691636304141866
2276,20.0,0.06489768380197347
2277,20.0,0.06614965964399744
2278,20.0,0.0479500268920674
2279,20.0,0.052890570634190226
2280,18.0,0.05685501119114633
2281,21.0,0.04848334734015225
2282,20.0,0.066394359613696
2283,20.0,0.05165725920596742
2284,19.0,0.052297094465757255
2285,21.0,0.046775289114521
2286,18.0,0.04625954346556682
2287,21.0,0.04852408908845973
2288,20.0,0.06552791070680541
2289,19.0,0.05582833259541076
2290,19.0,0.05119159910464077
2291,19.0,0.05438817202048085
2292,21.0,0.04404465635161614
2293,19.0,0.07537679610140913
2294,21.0,0.051902889550547116
2295,21.0,0.04156702711770777
2296,19.0,0.05212820310225652
2297,16.0,0.06446044358926883
2298,18.0,0.07490861518090242
2299,20.0,0.05672693659835204
2300,18.0,0.05746256428756169
2301,20.0,0.04749262115728925
2302,20.0,0.05320711759304686
2303,19.0,0.05710144938711892
2304,19.0,0.07101035196137673
2305,20.0,0.04955749455984915
2306,21.0,0.052568105660611764
2307,20.0,0.04854850204355898
2308,21.0,0.04224700378290436
2309,20.0,0.056198998317995574
2310,20.0,0.0544313178925222
2311,19.0,0.05123289581388235
2312,19.0,0.054844193893586635
2313,21.0,0.049265085317529156
2314,20.0,0.045557071525763604
2315,20.0,0.07957375431305991
2316,20.0,0.04609766469729948
2317,20.0,0.05176302450308867
2318,19.0,0.052092403281676525
2319,21.0,0.04196250211498409
2320,21.0,0.05540560181270848
2321,20.0,0.054224489809712395
2322,20.0,0.04596960896287783
2323,21.0,0.04502687370222702
2324,18.0,0.048020192076364765
2325,20.0,0.04654263170232298
2326,21.0,0.06300647885836952
2327,20.0,0.0492026508654817
2328,20.0,0.04928366451167676
2329,17.0,0.052484957086562645
2330,20.0,0.04340307601887616
2331,21.0,0.05498814805650909
2332,20.0,0.05061630144700757
2333,18.0,0.060222192918445216
2334,20.0,0.041952968584155315
2335,20.0,0.04326057722028054
2336,20.0,0.04115788192029868
2337,20.0,0.06057405676074268
2338,21.0,0.041477525554910244
2339,19.0,0.045572367727800156
2340,20.0,0.05216904518965748
2341,19.0,0.04148597963285283
2342,19.0,0.05798467637760041
2343,20.0,0.054671295183652546
2344,21.0,0.045882896203693235
2345,20.0,0.04960071409550437
2346,21.0,0.035191954260881175
2347,21.0,0.04197066831875418
2348,19.0,0.0790174660833145
2349,20.0,0.05155050406938244
2350,21.0,0.04822952297399752
2351,18.0,0.05445150232480955
2352,21.0,0.042841517490160186
2353,20.0,0.04852249338546244
2354,19.0,0.06050524625607068
2355,20.0,0.04670718463239609
2356,19.0,0.05171485472055792
2357,21.0,0.04637946258299053
2358,20.0,0.038679634091749904
2359,19.0,0.06598785140522523
2360,21.0,0.05547244021727238
2361,21.0,0.04332505108413898
2362,19.0,0.05330528072408924
2363,21.0,0.04543504495813977
2364,20.0,0.03856648676628538
2365,21.0,0.05879022337467177
2366,20.0,0.05004513150561252
2367,17.0,0.0592086922879389
2368,19.0,0.03613141971072764
2369,21.0,0.03672494831971562
2370,20.0,0.05040810827540554
2371,19.0,0.053962967454936006
2372,21.0,0.04460997093519836
2373,20.0,0.04122027444464038
2374,20.0,0.04539859793476353
2375,20.0,0.04012269763643417
2376,20.0,0.06064326787236496
2377,20.0,0.04802536943498126
2378,19.0,0.04353342730064469
2379,21.0,0.0425277961012398
2380,21.0,0.034983499466761714
2381,19.0,0.04283000590658048
2382,20.0,0.06391390869339375
2383,21.0,0.0475914461294451
2384,19.0,0.05538428970885434
2385,17.0,0.05934032847653725
2386,20.0,0.048955192835819616
2387,20.0,0.0662036625926703
2388,20.0,0.04960162528550427
2389,18.0,0.05241394481708994
2390,19.0,0.05145975466257369
2391,20.0,0.04516269912710413
2392,21.0,0.0499586522937534
2393,20.0,0.05511404106073314
2394,21.0,0.039624000226467615
2395,21.0,0.055406739533282234
2396,20.0,0.04098133631123346
2397,20.0,0.04455380035687995
2398,20.0,0.058135869157013076
2399,20.0,0.04760231261025183
2400,20.0,0.047226854960172204
2401,19.0,0.04415436909039272
2402,19.0,0.04421992288735055
2403,18.0,0.06401130565063795
2404,20.0,0.05512374103091133
2405,21.0,0.051259112180559896
2406,21.0,0.04520957379099855
2407,21.0,0.04147815574287961
2408,20.0,0.04842160379666893
2409,20.0,0.05976174751231156
2410,19.0,0.05378431747340073
2411,21.0,0.05213996956263145
2412,18.0,0.04829391429302632
2413,20.0,0.04256078418438847
2414,21.0,0.037283963669324294
2415,19.0,0.07217036904512497
2416,21.0,0.04908448956120992
2417,19.0,0.0482113123016461
2418,19.0,0.0500175873767148
2419,21.0,0.04050830696360208
2420,19.0,0.05247123261415254
2421,18.0,0.060300857316178735
2422,20.0,0.03903058356081601
2423,18.0,0.049408275923269684
2424,19.0,0.05273020995537081
2425,20.0,0.04698677851774846
2426,19.0,0.06352795452221471
2427,20.0,0.057608752949818154
2428,20.0,0.04448016900187213
2429,21.0,0.04839500911657524
2430,20.0,0.03960423774788069
2431,21.0,0.05377153841072868
2432,20.0,0.05138322035782039
2433,20.0,0.05484770417206164
2434,21.0,0.040571730669398676
2435,21.0,0.03638755589599896
2436,20.0,0.0453065826322927
2437,19.0,0.060354516137522296
2438,20.0,0.05995577905741811
2439,20.0,0.046094427698335494
2440,20.0,0.05053658307315345
2441,21.0,0.03752794206411636
2442,20.0,0.036302764822721656
2443,20.0,0.05847376255042036
2444,20.0,0.04698802644088573
2445,19.0,0.040741681963481824
2446,20.0,0.04351609568766435
2447,21.0,0.0472527517722483
2448,21.0,0.043905209182412364
2449,20.0,0.059612964161715354
2450,20.0,0.039430260978406295
2451,21.0,0.039169127096101874
2452,20.0,0.03963510667927039
2453,20.0,0.04650875207153149
2454,21.0,0.041512802657052816
2455,19.0,0.06280559217339032
2456,21.0,0.039956408114449005
2457,20.0,0.03636562570954993
2458,20.0,0.04246186642558314
2459,21.0,0.03978222344358073
2460,19.0,0.05694315077380452
2461,20.0,0.06584353841026314
2462,20.0,0.048737232258645236
2463,21.0,0.04090024600009201
2464,19.0,0.0453243655138067
2465,17.0,0.060193378604708414
2466,20.0,0.05954523583386617
2467,19.0,0.04365291824888118
2468,21.0,0.040767390038126905
2469,21.0,0.03819660540921177
2470,21.0,0.035467044661345426
2471,19.0,0.05488854418035771
2472,21.0,0.04586538961302722
2473,20.0,0.05103293061347358
2474,21.0,0.048832336687155475
2475,20.0,0.04784257185747265
2476,20.0,0.04679636022501654
2477,20.0,0.052207997406185314
2478,20.0,0.0416309525107863
2479,15.0,0.052175097407598514
2480,20.0,0.04656134214019403
2481,20.0,0.04255383639520005
2482,21.0,0.05258389332539082
2483,17.0,0.05542798519854841
2484,16.0,0.04599525281264505
2485,20.0,0.04330917388324451
2486,20.0,0.03865003064220218
2487,20.0,0.04067791031775414
2488,20.0,0.04969788716152834
2489,20.0,0.046136900355122634
2490,21.0,0.03751364648451272
2491,20.0,0.046722403419153125
2492,19.0,0.04423281133767887
2493,21.0,0.05038099691228126
2494,19.0,0.061443002816304215
2495,18.0,0.05502235378116893
2496,21.0,0.03940521232561878
2497,20.0,0.051296685952365806
2498,21.0,0.039504472271801205
2499,21.0,0.05065579835536482
2500,21.0,0.0412562909823464
2501,20.0,0.038907457489585795
2502,19.0,0.04258401723927818
2503,20.0,0.041083437459747074
2504,21.0,0.04079741269197257
2505,21.0,0.05049970267100434
2506,20.0,0.04659117357005016
2507,21.0,0.040123081305864616
2508,20.0,0.03773900658597995
2509,21.0,0.03471254857868189
2510,21.0,0.04431275325805473
2511,18.0,0.054558921821808326
2512,19.0,0.056255935813169344
2513,20.0,0.04678543035424809
2514,21.0,0.03804073996980151
2515,21.0,0.036765930030014715
2516,17.0,0.06695854521967703
2517,20.0,0.04507530642513302
2518,20.0,0.04272582615249121
2519,20.0,0.04799765902043873
2520,21.0,0.043808411892314325
2521,21.0,0.041621308181674976
2522,20.0,0.053851094789933995
2523,21.0,0.04224213254292408
2524,20.0,0.047718053763674106
2525,20.0,0.04779012072503974
2526,20.0,0.0413455060825072
2527,20.0,0.051905750178775634
2528,21.0,0.04492054647380428
2529,18.0,0.04985200627197628
2530,18.0,0.05073784395790426
2531,20.0,0.04276467900672287
2532,19.0,0.04789441785396775
2533,21.0,0.05868356657538243
2534,21.0,0.048020759162682225
2535,21.0,0.04600580662918219
2536,19.0,0.043869707615158404
2537,20.0,0.043632711480313446
2538,19.0,0.04841623370703019
2539,19.0,0.05767670462955721
2540,21.0,0.04318507951757056
2541,20.0,0.03645597196646122
2542,21.0,0.038506638017679506
2543,20.0,0.041145285660604713
2544,20.0,0.0576486011268571
2545,20.0,0.04868756462201418
2546,20.0,0.04526783862638695
2547,20.0,0.035766038109613874
2548,20.0,0.04253164600322634
2549,20.0,0.04444036358563608
2550,20.0,0.05238834123520064
2551,20.0,0.043988513312797295
2552,21.0,0.03473984715856204
2553,21.0,0.03808744231992023
2554,18.0,0.04671233513909101
2555,17.0,0.042918673978419974
2556,19.0,0.06678091262983799
2557,19.0,0.04564584900435875
2558,21.0,0.03863304390688427
2559,20.0,0.03911695936039905
2560,20.0,0.03850955404868728
2561,20.0,0.053663845093979035
2562,21.0,0.047447700026168604
2563,19.0,0.041131071291601984
2564,20.0,0.03743678738919698
2565,21.0,0.039191477729218605
2566,20.0,0.03845820703827485
2567,17.0,0.06545420506154187
2568,21.0,0.05205183690304693
2569,20.0,0.04658703706445522
2570,20.0,0.03846333808360214
2571,20.0,0.038553379346922156
2572,20.0,0.05548509730033402
2573,21.0,0.04241191294750024
2574,20.0,0.03661746896250406
2575,18.0,0.05118713539741293
2576,20.0,0.04046945353366027
2577,20.0,0.044461709510869696
2578,20.0,0.05382039082542178
2579,21.0,0.03934621400094329
2580,20.0,0.04383326986499014
2581,20.0,0.035220491015934385
2582,21.0,0.03737058810565941
2583,20.0,0.05161195198161295
2584,19.0,0.04810970990820351
2585,15.0,0.04915458155937813
2586,21.0,0.037349078506849764
2587,20.0,0.041180392033311364
2588,21.0,0.037900871257079416
2589,20.0,0.05496350597059063
2590,21.0,0.045603167403896805
2591,21.0,0.03685949617920414
2592,19.0,0.03970372553430934
2593,20.0,0.03540633529974002
2594,19.0,0.043171183177037165
2595,20.0,0.05627428817024338
2596,18.0,0.04446201812243089
2597,19.0,0.04327406007814716
2598,21.0,0.03348597378408158
2599,21.0,0.035427217233518604
2600,21.0,0.04982549406850012
2601,20.0,0.04295858297336963
2602,20.0,0.04202051539596141
2603,21.0,0.03592185872912523
2604,20.0,0.038418784342866275
2605,20.0,0.041129363558866316
2606,20.0,0.0543633444713123
2607,19.0,0.0441641235811403
2608,21.0,0.03855775702504616
2609,21.0,0.03998656792100519
2610,21.0,0.031927718203405675
2611,21.0,0.04578390002825472
2612,20.0,0.052514533927023876
2613,19.0,0.040845388967682084
2614,21.0,0.040181577462135465
2615,20.0,0.03842590602562268
2616,21.0,0.034929858416944626
2617,21.0,0.03735492813393648
2618,19.0,0.05060334447080095
2619,20.0,0.03841680901314248
2620,13.0,0.0494873465559067
2621,19.0,0.03913445258149295
2622,20.0,0.03184953268555546
2623,20.0,0.05091587969218381
2624,20.0,0.046804856705421116
2625,19.0,0.04223099753835413
2626,20.0,0.04303004580015113
2627,19.0,0.04788812057904579
2628,20.0,0.05037945340427541
2629,20.0,0.05501350228587398
2630,20.0,0.044053129393432755
2631,20.0,0.03757480143667635
2632,16.0,0.0457528001652463
2633,21.0,0.03648772999531502
2634,20.0,0.05293164842260012
2635,19.0,0.046386786463699536
2636,20.0,0.04082061703411455
2637,18.0,0.038699971923051635
2638,20.0,0.03756523009178636
2639,19.0,0.047855890637947596
2640,19.0,0.04509984723154048
2641,21.0,0.039130269093220704
2642,20.0,0.044648146076724515
2643,21.0,0.03634320270612079
2644,20.0,0.03820153246670088
2645,20.0,0.053537533370217716
2646,17.0,0.059707424872613046
2647,21.0,0.03995058063810575
2648,20.0,0.04092247525295534
2649,21.0,0.03809453608846525
2650,20.0,0.03967381796428526
2651,18.0,0.06598920733813429
2652,19.0,0.04189456446420081
2653,20.0,0.03914168134906504
2654,21.0,0.04197293590823392
2655,20.0,0.03985699146778643
2656,20.0,0.050331329740402
2657,20.0,0.040042502208962105
2658,20.0,0.04105737196823611
2659,20.0,0.03632880200166255
2660,21.0,0.04652523980166734
2661,20.0,0.039637130525079556
2662,21.0,0.053811573461644
2663,21.0,0.037018454355347785
2664,20.0,0.03780795619695709
2665,20.0,0.039800999596081965
2666,19.0,0.041687521055791876
2667,17.0,0.06076681359900249
2668,21.0,0.03951614606557996
2669,17.0,0.057865522079737275
2670,21.0,0.04986731290227908
2671,19.0,0.04702104267926188
2672,20.0,0.04742380744755792
2673,20.0,0.05271913860451605
2674,21.0,0.04511412696319894
2675,21.0,0.03485303058550926
2676,21.0,0.04126896159596072
2677,20.0,0.046029251783693326
2678,19.0,0.05939328152453527
2679,21.0,0.04046097453283437
2680,21.0,0.039821278587623965
2681,21.0,0.03508264162064734
2682,20.0,0.04120886044711369
2683,21.0,0.0367738122740775
2684,18.0,0.06528286260618188
2685,21.0,0.042339213531704445
2686,19.0,0.0442111937345544
2687,21.0,0.03191901358877658
2688,21.0,0.04204813686919806
2689,20.0,0.05041683441231726
2690,21.0,0.045594288370921277
2691,21.0,0.04320824997739692
2692,20.0,0.038102645673461666
2693,21.0,0.04183818090950808
2694,20.0,0.03712008193087968
2695,20.0,0.04461984787394613
2696,21.0,0.04567762433362077
2697,21.0,0.03741385641751549
2698,20.0,0.03735555981984362
2699,21.0,0.04298559645212663
2700,20.0,0.04079326674582262
2701,21.0,0.053775322581714136
2702,21.0,0.041118421344435774
2703,21.0,0.03872157993828296
2704,19.0,0.04254894429959677
2705,20.0,0.04004591620105202
2706,20.0,0.042263062450729194
2707,20.0,0.05664934426567925
2708,19.0,0.04404164489096729
2709,19.0,0.048200414400525915
2710,20.0,0.04374073153212521
2711,21.0,0.044353422770655015
2712,19.0,0.049363410419573484
2713,19.0,0.0450621215013598
2714,20.0,0.03862918368940882
2715,20.0,0.04099806209978851
2716,20.0,0.032725566105000325
2717,21.0,0.03406150271894148
2718,20.0,0.04903370242391247
2719,18.0,0.042955007431373815
2720,18.0,0.03993622058806068
2721,21.0,0.03699697836145788
2722,20.0,0.03865464723730838
2723,20.0,0.031452494136829046
2724,18.0,0.058889247906336095
2725,21.0,0.04327541640850541
2726,20.0,0.03738578718457575
2727,21.0,0.03536399231325049
2728,20.0,0.03461019380392827
2729,21.0,0.04234638327397988
2730,18.0,0.05526667665617424
2731,20.0,0.04029641319539223
2732,21.0,0.03669850174082967
2733,18.0,0.043115729777127854
2734,21.0,0.03752505458851374
2735,21.0,0.044732597467373125
2736,21.0,0.04091881276599452
2737,18.0,0.04157978738294332
2738,19.0,0.03749287297978299
2739,21.0,0.030682979789162346
2740,17.0,0.04215984229631431
2741,21.0,0.054898069063710864
2742,19.0,0.03464265170805447
2743,21.0,0.03726707080477354
2744,20.0,0.033982389838456584
2745,18.0,0.03607140433177847
2746,21.0,0.038757950571380206
2747,20.0,0.051765955442533595
2748,20.0,0.03867237510257837
2749,20.0,0.03748559159521392
2750,21.0,0.03862190429754264
2751,18.0,0.035754859696680796
2752,19.0,0.046213880288632936
2753,17.0,0.0509286299093219
2754,18.0,0.04419126447010058
2755,20.0,0.04153960711118998
2756,21.0,0.036269869478019245
2757,21.0,0.042813319591004984
2758,21.0,0.03854320660684607
2759,20.0,0.03219896479822637
2760,18.0,0.03458519517698733
2761,18.0,0.032645816222611757
2762,20.0,0.03979772337606846
2763,21.0,0.046405158499510435
2764,19.0,0.04217283536945615
2765,21.0,0.03209304223400977
2766,21.0,0.030261152278399095
2767,21.0,0.03621051568097755
2768,20.0,0.04021876235219679
2769,19.0,0.05726254734781833
2770,20.0,0.039541271881716966
2771,20.0,0.03973793686236604
2772,20.0,0.03672678158454801
2773,20.0,0.032943505945695506
2774,21.0,0.03416934844426578
2775,20.0,0.04504270375036867
2776,21.0,0.03636783258662035
2777,20.0,0.03880481029773364
2778,21.0,0.036443875320401276
2779,21.0,0.03082482717491075
2780,21.0,0.03981637543893157
2781,17.0,0.04594598445146403
2782,20.0,0.04181848997359339
2783,20.0,0.036125948621702264
2784,21.0,0.0335284070997659
2785,21.0,0.033265516571191256
2786,21.0,0.04061691091465036
2787,21.0,0.04019469120794383
2788,20.0,0.04012156997305283
2789,21.0,0.04070014643275499
2790,20.0,0.035914531782509584
2791,21.0,0.035992020206322195
2792,21.0,0.04249949811764964
2793,19.0,0.041016277431481285
2794,18.0,0.04323169919734937
2795,21.0,0.03118837317924772
2796,19.0,0.035397099179135694
2797,18.0,0.04430041415434971
2798,20.0,0.04434109579233336
2799,20.0,0.03891408257277362
2800,20.0,0.034610054349286656
2801,20.0,0.035235041585110594
2802,21.0,0.036274041842261795
2803,21.0,0.04184913775225141
2804,19.0,0.05481655984203826
2805,21.0,0.03805961370380828
2806,21.0,0.03832817524198617
2807,20.0,0.03557161669777997
2808,21.0,0.03702391940623784
2809,19.0,0.05252938715148048
2810,21.0,0.038888329400833754
2811,20.0,0.0428086793208422
2812,21.0,0.03909988745726878
2813,21.0,0.03680602725762583
2814,21.0,0.033985482725711336
2815,20.0,0.04659327944864344
2816,20.0,0.04231433400673268
2817,21.0,0.03364094095741166
2818,21.0,0.034509753883867234
2819,19.0,0.037226045666102436
2820,21.0,0.035480106358591
2821,21.0,0.04206592789341812
2822,21.0,0.033494150612568774
2823,19.0,0.03532215640643699
2824,20.0,0.03541777660484513
2825,18.0,0.03447914656044304
2826,19.0,0.04405391812633752
2827,20.0,0.041963746027249726
2828,21.0,0.032636844579428725
2829,21.0,0.03686417822245858
2830,21.0,0.033283817306255514
2831,21.0,0.030645699483102362
2832,20.0,0.04536029224345839
2833,20.0,0.046606267718743766
2834,21.0,0.03390493068854994
2835,20.0,0.029033879924099892
2836,21.0,0.032713507117478
2837,21.0,0.029742556384917407
2838,21.0,0.04275841615344689
2839,19.0,0.04132838017449103
2840,20.0,0.03908180807593453
2841,21.0,0.031035000838528504
2842,20.0,0.03177542490175256
2843,21.0,0.0240967803492822
2844,21.0,0.04971065298013855
2845,20.0,0.04011069024545577
2846,18.0,0.04589768934511085
2847,19.0,0.032224767494881235
2848,20.0,0.03323895528410503
2849,15.0,0.07260062883779028
2850,19.0,0.04193896347715054
2851,21.0,0.03519005139878573
2852,21.0,0.0295120597256755
2853,19.0,0.034934472665554495
2854,20.0,0.04843145870108856
2855,19.0,0.0388652739356985
2856,19.0,0.03769042046587856
2857,21.0,0.03486901155247324
2858,20.0,0.03422715629039885
2859,17.0,0.03482930960944941
2860,20.0,0.050458981098927325
2861,18.0,0.051689472600628505
2862,21.0,0.031045165108480433
2863,21.0,0.03553504864976276
2864,21.0,0.033594066560908686
2865,19.0,0.041490036084724125
2866,21.0,0.04349575501328218
2867,18.0,0.04293667467209161
2868,20.0,0.034103851294275955
2869,19.0,0.03940086611873994
2870,19.0,0.04821204285235581
2871,21.0,0.04178046030665428
2872,21.0,0.032184381496335845
2873,21.0,0.035135946278387564
2874,18.0,0.04043337214170606
2875,21.0,0.027810502204374643
2876,20.0,0.040751078879111446
2877,20.0,0.05241726986150752
2878,21.0,0.029718236157350475
2879,18.0,0.04141983202589472
2880,20.0,0.030626267017396458
2881,20.0,0.03237279282620875
2882,21.0,0.03737739776533999
2883,19.0,0.04557926537199819
2884,20.0,0.040526785402107635
2885,21.0,0.04016798854809167
2886,20.0,0.03333886472410086
2887,19.0,0.028892603406347916
2888,20.0,0.047287948575103655
2889,21.0,0.029610600517116836
2890,20.0,0.03493245378831489
2891,19.0,0.03519891466748959
2892,18.0,0.03739695547756128
2893,21.0,0.04115273429579247
2894,20.0,0.048208429971964506
2895,20.0,0.036209893920386094
2896,20.0,0.03890324831081671
2897,20.0,0.03126333164800599
2898,20.0,0.029025259754234867
2899,21.0,0.03501626765500987
2900,21.0,0.03836529549880652
2901,21.0,0.03163245476935117
2902,21.0,0.027585136750531092
2903,20.0,0.034049710516228515
2904,20.0,0.03808561909227137
2905,20.0,0.040373202878072334
2906,21.0,0.03329059416864766
2907,20.0,0.03564486331833905
2908,21.0,0.03233395674851636
2909,18.0,0.03705307731161156
2910,21.0,0.03211607671892125
2911,20.0,0.03659859847903135
2912,19.0,0.04725817287726386
2913,21.0,0.03487946623044991
2914,20.0,0.03490727661210258
2915,20.0,0.035537801562895766
2916,19.0,0.03724236514608492
2917,21.0,0.04378260579869675
2918,21.0,0.038630924257631705
2919,20.0,0.035999300656840205
2920,20.0,0.03470836939413857
2921,18.0,0.044089777578847134
2922,21.0,0.03727567259375064
2923,20.0,0.03829241647690651
2924,21.0,0.03805929511418071
2925,18.0,0.03526949816478009
2926,18.0,0.04163707734369382
2927,19.0,0.036175663241010625
2928,21.0,0.04231249581607699
2929,18.0,0.043818211193865864
2930,20.0,0.03449128003740043
2931,20.0,0.030812161571702745
2932,20.0,0.03723707244989782
2933,21.0,0.0407448321211632
2934,18.0,0.05161887808208121
2935,21.0,0.041544011497535394
2936,19.0,0.03815333824240952
2937,19.0,0.03427908930461854
2938,20.0,0.031987454030968365
2939,21.0,0.04666348748287419
2940,20.0,0.03846081718984351
2941,21.0,0.037653684122233244
2942,21.0,0.035571148959206766
2943,21.0,0.03618540819206828
2944,21.0,0.03715839116011921
2945,20.0,0.044900068352035305
2946,20.0,0.03641160507322638
2947,20.0,0.03271740913987742
2948,20.0,0.035612631700132624
2949,20.0,0.02948958601882623
2950,20.0,0.04639761216003535
2951,20.0,0.054462479458379676
2952,21.0,0.04025558981993527
2953,19.0,0.03918418406192359
2954,21.0,0.034769360424434126
2955,21.0,0.03731332849474711
2956,21.0,0.044251891329622595
2957,20.0,0.05065616579122434
2958,20.0,0.03979907255506987
2959,21.0,0.04447382429316349
2960,19.0,0.04279194903301686
2961,20.0,0.030183406177457073
2962,20.0,0.04515631735921488
2963,20.0,0.0366104946251653
2964,20.0,0.028361102455164655
2965,18.0,0.04409451155697752
2966,21.0,0.03261161805676238
2967,17.0,0.048403356428934785
2968,17.0,0.03849826280475099
2969,21.0,0.03421040969078604
2970,20.0,0.03358340520935599
2971,21.0,0.03428384231210657
2972,19.0,0.02898426154115441
2973,20.0,0.04345874261343852
2974,20.0,0.03275910681441019
2975,21.0,0.032198528986555175
2976,19.0,0.036028097612870624
2977,19.0,0.0342526113781787
2978,20.0,0.03842341351264622
2979,21.0,0.04390920938931231
2980,21.0,0.030807606129201304
2981,19.0,0.03402411719889642
2982,21.0,0.03366259586528031
2983,21.0,0.028305948586421437
2984,21.0,0.04187942253975052
2985,21.0,0.039716476496323594
2986,20.0,0.04693364794002264
2987,21.0,0.03616015225452429
2988,19.0,0.03122179937781766
2989,20.0,0.03547706926201499
2990,17.0,0.05422392228865647
